time,channel,anomaly,smooth
1892-03-01,TXm,-1.7419967793880833,-1.1755972788650368
1892-06-01,TXm,-1.3177375201288228,-1.170599755191912
1892-09-01,TXm,-1.3006560603575519,-1.1656269553143852
1892-12-01,TXm,-2.6994828057514626,-1.160677386406567
1893-03-01,TXm,1.6297423510466995,-1.155748627721603
1893-06-01,TXm,-0.0014331723027360965,-1.1508367967915638
1893-09-01,TXm,-1.7380186977201912,-1.1459418787499447
1893-12-01,TXm,-0.8005939168625735,-1.141066335591725
1894-03-01,TXm,0.06995974235104718,-1.1362123208199826
1894-06-01,TXm,-2.072085346215779,-1.1313826650211514
1894-09-01,TXm,-1.6610956207971146,-1.1265816927998575
1894-12-01,TXm,-3.975038361307018,-1.1218127225700034
1895-03-01,TXm,-1.4028663446054743,-1.1170770820218765
1895-06-01,TXm,-1.3123027375201275,-1.1123719361226503
1895-09-01,TXm,0.7169263572248656,-1.1076928176157912
1895-12-01,TXm,-1.3962593625280197,-1.1030351919163253
1896-03-01,TXm,-1.361561996779388,-1.0983964268628357
1896-06-01,TXm,-0.8992592592592565,-1.093773827765376
1896-09-01,TXm,-3.002853862555355,-1.0891641276156483
1896-12-01,TXm,-1.3972605835292402,-1.0845633981045688
1897-03-01,TXm,-1.2876489533011277,-1.0799650059717174
1897-06-01,TXm,-0.46121578099839056,-1.0753607976018547
1897-09-01,TXm,-1.2610956207971125,-1.070741880102541
1897-12-01,TXm,0.3194060831374257,-1.0660993741198916
1898-03-01,TXm,-2.5343880837359087,-1.0614241504949964
1898-06-01,TXm,-1.4264331723027368,-1.0567076540991953
1898-09-01,TXm,1.0048384451369525,-1.0519391664947835
1898-12-01,TXm,1.9849616386929823,-1.0471067954660136
1899-03-01,TXm,-2.266996779388082,-1.0422012156292098
1899-06-01,TXm,0.2105233494363965,-1.0372168099831518
1899-09-01,TXm,0.1894538297523365,-1.0321476059711883
1899-12-01,TXm,-1.5105939168625735,-1.0269891993286306
1900-03-01,TXm,-2.6017793880837345,-1.0217393493165565
1900-06-01,TXm,-0.37099838969404075,-1.0163954431149513
1900-09-01,TXm,-0.3127439724454657,-1.010952879825804
1900-12-01,TXm,-1.2928161390847963,-1.0054078406135347
1901-03-01,TXm,-1.4822141706924299,-0.9997581669450432
1901-06-01,TXm,0.4050885668276969,-0.9940019948310785
1901-09-01,TXm,-0.9116450713465643,-0.9881379080366257
1901-12-01,TXm,-0.94726058352924,-0.9821681523700588
1902-03-01,TXm,-1.860475040257647,-0.9760979834744792
1902-06-01,TXm,-1.9612157809983906,-0.9699352617411969
1902-09-01,TXm,-1.9698868295883223,-0.963688925559215
1902-12-01,TXm,0.1027394164707589,-0.9573683198425177
1903-03-01,TXm,-1.1615619967793869,-0.9509844265951128
1903-06-01,TXm,-2.143824476650561,-0.9445553359125403
1903-09-01,TXm,-0.17098573068722267,-0.9381046201325292
1903-12-01,TXm,-1.8753802416488985,-0.931657848389531
1904-03-01,TXm,-1.0778663446054733,-0.9252428503818168
1904-06-01,TXm,0.390958132045089,-0.9157317735868908
1904-09-01,TXm,-1.488568148269641,-0.9060810298482297
1904-12-01,TXm,-0.1817050279736847,-0.8963864534154063
1905-03-01,TXm,-1.1398228663446037,-0.8867791248568487
1905-06-01,TXm,-0.016650563607083058,-0.8774544819622486
1905-09-01,TXm,-3.1094472691487614,-0.8685739072789703
1905-12-01,TXm,-0.47948280575146285,-0.8602331522198714
1906-03-01,TXm,-1.288735909822865,-0.8524869699162354
1906-06-01,TXm,-0.7166505636070859,-0.8453434536022898
1906-09-01,TXm,0.8103329506314587,-0.8387483325125271
1906-12-01,TXm,-2.332816139084796,-0.8326390668844472
1907-03-01,TXm,-0.6333011272141693,-0.8269653796879729
1907-06-01,TXm,-2.763389694041866,-0.821700807481833
1907-09-01,TXm,0.4400032803017879,-0.8168384047694974
1907-12-01,TXm,-1.0336219998906566,-0.8123789612819251
1908-03-01,TXm,-1.984388083735908,-0.8082957372628697
1908-06-01,TXm,-1.016650563607083,-0.8044974436259844
1908-09-01,TXm,0.34659668689519485,-0.8008629840993668
1908-12-01,TXm,-1.9739272501959073,-0.7972891687823903
1909-03-01,TXm,-1.1311272141706912,-0.7937028556472063
1909-06-01,TXm,-2.7003462157809963,-0.7900181552753212
1909-09-01,TXm,-1.2457110054124971,-0.7861299965758134
1909-12-01,TXm,0.3505171942485372,-0.781908432918563
1910-03-01,TXm,-0.8028663446054729,-0.777225783747013
1910-06-01,TXm,-1.7470853462157798,-0.771982110331575
1910-09-01,TXm,-1.2523044120059055,-0.7661580680548209
1910-12-01,TXm,-0.2172605835292405,-0.7598154369141858
1911-03-01,TXm,-0.37786634460547397,-0.7530352295975445
1911-06-01,TXm,1.9735668276972618,-0.7458437911849854
1911-09-01,TXm,0.4015417418402496,-0.7382887506813879
1911-12-01,TXm,1.6740703078016512,-0.7304282358908314
1912-03-01,TXm,0.22756843800322102,-0.722315809794836
1912-06-01,TXm,-1.6046940418679512,-0.7140365421510502
1912-09-01,TXm,-2.7160406757421693,-0.7057114164856034
1912-12-01,TXm,1.602739416470759,-0.6974598961627261
1913-03-01,TXm,0.1906119162640909,-0.689359201900535
1913-06-01,TXm,-2.58295491143317,-0.6814573100557791
1913-09-01,TXm,1.1301131704116774,-0.6738051219490645
1913-12-01,TXm,-0.30726058352924035,-0.6664285309856792
1914-03-01,TXm,-0.009388083735908381,-0.6593568110675354
1914-06-01,TXm,-0.640563607085344,-0.6525886295954739
1914-09-01,TXm,-1.2028538625553562,-0.6461275951177499
1914-12-01,TXm,0.4916283053596482,-0.6400030646042257
1915-03-01,TXm,-1.0854750402576467,-0.6342519519481511
1915-06-01,TXm,-0.6307809983896924,-0.6288918448195938
1915-09-01,TXm,-2.3567000164015095,-0.6239346776601771
1915-12-01,TXm,1.9586856924170357,-0.6194198556203702
1916-03-01,TXm,-0.5833011272141686,-0.6153827213571198
1916-06-01,TXm,-2.4916505636070845,-0.6118737987232131
1916-09-01,TXm,-1.1720846317861255,-0.6089460649829159
1916-12-01,TXm,-3.298371694640352,-0.6066110671613275
1917-03-01,TXm,-2.035475040257648,-0.6048713402196105
1917-06-01,TXm,-0.0949114331723031,-0.6037522321715787
1917-09-01,TXm,-0.5237329834344759,-0.6032604596016125
1917-12-01,TXm,-0.4339272501959073,-0.6033690207490862
1918-03-01,TXm,0.09713365539452568,-0.6040321750179913
1918-06-01,TXm,-1.1188244766505626,-0.6051637916251272
1918-09-01,TXm,-1.372084631786123,-0.606672005289876
1918-12-01,TXm,-0.0005939168625737068,-0.6084484123019951
1919-03-01,TXm,-1.3191706924315607,-0.6103527991747758
1919-06-01,TXm,-1.7133896940418651,-0.6122656729774024
1919-09-01,TXm,-2.127029686731179,-0.6140792563166703
1919-12-01,TXm,1.9619823957137381,-0.6157187579471011
1920-03-01,TXm,0.4134380032206124,-0.617096082352148
1920-06-01,TXm,-1.943824476650562,-0.6181299563573667
1920-09-01,TXm,-0.32153518123667446,-0.6187681277965842
1920-12-01,TXm,1.034961638692982,-0.6189320325698766
1921-03-01,TXm,1.1080032206119181,-0.6185177629111932
1921-06-01,TXm,1.212697262479871,-0.6174324258444226
1921-09-01,TXm,1.0400032803017893,-0.6155869088977589
1921-12-01,TXm,-0.4905939168625739,-0.6129323673497226
1922-03-01,TXm,-1.0093880837359084,-0.6094668448546658
1922-06-01,TXm,-2.0438244766505633,-0.6052218901514134
1922-09-01,TXm,-2.850106609808103,-0.6002288309658231
1922-12-01,TXm,0.8405171942485374,-0.5945268439436052
1923-03-01,TXm,-1.0452576489532994,-0.5881650590633062
1923-06-01,TXm,-1.1992592592592572,-0.5812068984260436
1923-09-01,TXm,-1.0720846317861241,-0.5737450605099912
1923-12-01,TXm,-1.690764857033514,-0.5658406008790966
1924-03-01,TXm,-0.8278663446054733,-0.5575329382629143
1924-06-01,TXm,-1.7981723027375196,-0.5488238937124571
1924-09-01,TXm,-0.34351320321469636,-0.5397074920308141
1924-12-01,TXm,1.2694060831374259,-0.5302135074151243
1925-03-01,TXm,-0.932214170692431,-0.5204344209589002
1925-06-01,TXm,-0.625346215780997,-0.5104381034448805
1925-09-01,TXm,-2.185271444972937,-0.5002915035309031
1925-12-01,TXm,0.9005171942485379,-0.4900949865671038
1926-03-01,TXm,-0.4985185185185177,-0.47993069051496834
1926-06-01,TXm,-1.1916505636070838,-0.4698704530245787
1926-09-01,TXm,-0.19626045596194786,-0.45997191164369505
1926-12-01,TXm,-0.3794828057514632,-0.45027227018524624
1927-03-01,TXm,-0.08438808373590945,-0.4407853189375486
1927-06-01,TXm,-1.2959983896940415,-0.4314983109775645
1927-09-01,TXm,-0.8841725438740369,-0.4223994108696462
1927-12-01,TXm,-0.13032529659395387,-0.4134689526489604
1928-03-01,TXm,-0.7550402576489539,-0.40471007284170557
1928-06-01,TXm,0.06161030595813344,-0.39612191311614187
1928-09-01,TXm,0.322420862719369,-0.3876651687948075
1928-12-01,TXm,-3.8483716946403517,-0.3793011982496184
1929-03-01,TXm,-0.40612721417069153,-0.3710004992761824
1929-06-01,TXm,-0.569911433172301,-0.36280164346973837
1929-09-01,TXm,1.1894538297523365,-0.3547801820625269
1929-12-01,TXm,1.6927394164707597,-0.34698000309563737
1930-03-01,TXm,0.023220611916265455,-0.33944070339599774
1930-06-01,TXm,0.20291465378421947,-0.33224190836196
1930-09-01,TXm,-0.0325241922256847,-0.325429202067403
1930-12-01,TXm,-0.6883716946403515,-0.31902072565411266
1931-03-01,TXm,-0.5311272141706915,-0.3130103961633007
1931-06-01,TXm,-1.1525201288244737,-0.30734099731980846
1931-09-01,TXm,-0.851205510907004,-0.30193327114323204
1931-12-01,TXm,-0.3786769449456022,-0.29674598140908237
1932-03-01,TXm,-1.5539533011272137,-0.29178791292207934
1932-06-01,TXm,0.8833494363929191,-0.2870680495313485
1932-09-01,TXm,-0.489667049368542,-0.2825950480192436
1932-12-01,TXm,-0.338371694640351,-0.27841619163169135
1933-03-01,TXm,0.8514814814814837,-0.27461196156893136
1933-06-01,TXm,0.4376972624798725,-0.2712511381145683
1933-09-01,TXm,-0.30395276365425694,-0.26834059424937534
1933-12-01,TXm,-2.4283716946403517,-0.26583381354696134
1934-03-01,TXm,0.4851771336553963,-0.26363328507921313
1934-06-01,TXm,0.7626972624798718,-0.2616088707192985
1934-09-01,TXm,0.7389043792028875,-0.2596245118802467
1934-12-01,TXm,1.2416283053596482,-0.25760086678964356
1935-03-01,TXm,-0.948518518518517,-0.2555289190136359
1935-06-01,TXm,0.9398711755233506,-0.2534439689090541
1935-09-01,TXm,0.14879448909299597,-0.25134149555002105
1935-12-01,TXm,0.3356087693401122,-0.24915824335367204
1936-03-01,TXm,-0.35504025764895175,-0.24680769286604265
1936-06-01,TXm,-0.16338969404186798,-0.24420801258731004
1936-09-01,TXm,-1.2380186977201912,-0.24128389676075376
1936-12-01,TXm,1.0894060831374262,-0.23801824324594437
1937-03-01,TXm,-0.7550402576489539,-0.2344018879978309
1937-06-01,TXm,-0.18186795491143215,-0.23038791276363693
1937-09-01,TXm,-0.2962604559619493,-0.22593760223564235
1937-12-01,TXm,-0.11614947241812956,-0.22102253601908134
1938-03-01,TXm,-0.3169967793880808,-0.21562848333798748
1938-06-01,TXm,0.2137842190016137,-0.20972857351882618
1938-09-01,TXm,1.1982450385435452,-0.20330256803732252
1938-12-01,TXm,0.23385052758187097,-0.19634771699599268
1939-03-01,TXm,-0.5713446054750388,-0.18890145965097038
1939-06-01,TXm,0.2550885668276983,-0.18103267424960226
1939-09-01,TXm,-0.21713957684106866,-0.17282810450424435
1939-12-01,TXm,-3.502852769121426,-0.1643859293758706
1940-03-01,TXm,0.3264814814814816,-0.15579081100159403
1940-06-01,TXm,-0.42425925925925867,-0.1470963935922326
1940-09-01,TXm,-0.14571100541249749,-0.13832265971576396
1940-12-01,TXm,-3.103927250195907,-0.12947458056473188
1941-03-01,TXm,-1.697431561996778,-0.12059530396757552
1941-06-01,TXm,0.359436392914656,-0.11180090876128965
1941-09-01,TXm,-0.23472199442348618,-0.10321025959729777
1941-12-01,TXm,-4.120593916862574,-0.09494539021371652
1942-03-01,TXm,0.08300322061191778,-0.0870856527360021
1942-06-01,TXm,-0.041650563607081637,-0.07965568317300917
1942-09-01,TXm,0.3806626209611288,-0.07266063745261303
1942-12-01,TXm,1.2405171942485378,-0.06610591075795187
1943-03-01,TXm,1.7514814814814823,-0.059968617935747266
1943-06-01,TXm,-0.3438244766505605,-0.05422180197846736
1943-09-01,TXm,-0.0984582581597504,-0.04885399256100822
1943-12-01,TXm,-1.0896659559346125,-0.043849492475561774
1944-03-01,TXm,-0.6017793880837345,-0.039190397478321135
1944-06-01,TXm,0.2626972624798718,-0.03488065127314881
1944-09-01,TXm,-0.9171395768410697,-0.030951897823114267
1944-12-01,TXm,-0.8505939168625742,-0.027451785078392254
1945-03-01,TXm,1.979742351046701,-0.024410086820553095
1945-06-01,TXm,0.45400161030595854,-0.021808128757857956
1945-09-01,TXm,0.4883549286534361,-0.019589296540038707
1945-12-01,TXm,0.19829497202631519,-0.01767889376014932
1946-03-01,TXm,1.0590901771336565,-0.01602124559142617
1946-06-01,TXm,-1.3666505636070845,-0.014608197377958099
1946-09-01,TXm,-0.2940626537641453,-0.013467760329368524
1946-12-01,TXm,-4.1083716946403515,-0.012625997261805893
1947-03-01,TXm,1.2808293075684407,-0.012084201869325116
1947-06-01,TXm,3.055088566827699,-0.011794602846921907
1947-09-01,TXm,1.6224208627193715,-0.011685978542320652
1947-12-01,TXm,1.1850593187906622,-0.011656528712020726
1948-03-01,TXm,1.890611916264092,-0.01158575183448344
1948-06-01,TXm,-1.0459983896940415,-0.011358197799530708
1948-09-01,TXm,0.36857470887321675,-0.010885811167555833
1948-12-01,TXm,1.86385052758187,-0.010126633411252597
1949-03-01,TXm,-0.03330112721416967,-0.009080095719219859
1949-06-01,TXm,0.7040016103059585,-0.007741602459401617
1949-09-01,TXm,1.5883549286534357,-0.0061194880940813835
1949-12-01,TXm,0.9482949720263152,-0.004264286251860267
1950-03-01,TXm,0.22974235104670093,-0.0022487778235168437
1950-06-01,TXm,1.373566827697264,-0.00017961592811528408
1950-09-01,TXm,-1.0391175988190913,0.0017716079769598463
1950-12-01,TXm,-0.8583716946403515,0.0034044134208855636
1951-03-01,TXm,-1.1735185185185184,0.004534279908519648
1951-06-01,TXm,-0.12860708534621423,0.0049507259774192415
1951-09-01,TXm,0.9169263572248649,0.0044718807279211965
1951-12-01,TXm,0.1169274506587934,0.0029741037649043964
1952-03-01,TXm,1.889524959742353,0.0003883678544953157
1952-06-01,TXm,0.6920450885668288,-0.0033750666689554825
1952-09-01,TXm,-2.318238477939971,-0.00836866570440717
1952-12-01,TXm,-1.775038361307018,-0.014581904540770367
1953-03-01,TXm,0.8134380032206145,-0.021954486309103835
1953-06-01,TXm,-0.4905636070853454,-0.030445904435698657
1953-09-01,TXm,0.6828604231589317,-0.040034934874313526
1953-12-01,TXm,-0.7317050279736854,-0.050684061512540374
1954-03-01,TXm,-0.2691706924315618,-0.06233784911167553
1954-06-01,TXm,-2.099259259259256,-0.07496616620314439
1954-09-01,TXm,0.3004428407413471,-0.08853811731609841
1954-12-01,TXm,-0.40392725019590703,-0.10301701308707774
1955-03-01,TXm,-1.628953301127213,-0.11834741088301975
1955-06-01,TXm,-0.025346215780995607,-0.1344128074361326
1955-09-01,TXm,0.021321961620468954,-0.1510408387233427
1955-12-01,TXm,-2.062193428462085,-0.1680403539180645
1956-03-01,TXm,-0.7637359098228664,-0.18522223824395048
1956-06-01,TXm,-2.818824476650562,-0.2024219854421104
1956-09-01,TXm,-0.5984582581597504,-0.2194847053700187
1956-12-01,TXm,1.47273941647076,-0.23625979440862202
1957-03-01,TXm,0.4406119162640909,-0.2526243999464848
1957-06-01,TXm,0.06595813204508971,-0.268500765741715
1957-09-01,TXm,-0.8962604559619471,-0.2837987409720004
1957-12-01,TXm,0.3282949720263151,-0.2984045503203849
1958-03-01,TXm,-1.5637359098228654,-0.3121783392654217
1958-06-01,TXm,-0.7536070853462142,-0.32500579362974785
1958-09-01,TXm,-0.1830736427751365,-0.336790282671414
1958-12-01,TXm,0.15940608313742555,-0.34744196349549467
1959-03-01,TXm,1.674307568438003,-0.35688569229917344
1959-06-01,TXm,1.8474798711755263,-0.3651406586325593
1959-09-01,TXm,1.8630802033787113,-0.3722660818702149
1959-12-01,TXm,0.7553889891203323,-0.378311898586163
1960-03-01,TXm,0.8101771336553956,-0.38332152841568723
1960-06-01,TXm,-0.9927375201288235,-0.3873274400102887
1960-09-01,TXm,0.008135148433655814,-0.39036460033517856
1960-12-01,TXm,0.9816283053596484,-0.39252425302708976
1961-03-01,TXm,1.2014814814814816,-0.393932867056576
1961-06-01,TXm,-1.0579549114331712,-0.3947091161454834
1961-09-01,TXm,0.7597835000820083,-0.39498961467770605
1961-12-01,TXm,-0.11837169464035213,-0.39489027031165086
1962-03-01,TXm,-2.6539533011272134,-0.3944968180471068
1962-06-01,TXm,-1.8666505636070845,-0.39385552685790903
1962-09-01,TXm,-0.7182384779399698,-0.3929939130932716
1962-12-01,TXm,-4.962816139084796,-0.3919359409674447
1963-03-01,TXm,-0.8876489533011256,-0.39073026429037244
1963-06-01,TXm,-1.2231723027375203,-0.38939397842961315
1963-09-01,TXm,0.43121207151057916,-0.3879850813802481
1963-12-01,TXm,-1.8369187031873597,-0.3865636929723526
1964-03-01,TXm,-0.45286634460547326,-0.3851888767938427
1964-06-01,TXm,0.29313204508856927,-0.3839055964306989
1964-09-01,TXm,-0.3545022142037073,-0.3826986946060574
1964-12-01,TXm,-1.2683716946403516,-0.38147439616615814
1965-03-01,TXm,-0.9767793880837345,-0.3801640314138284
1965-06-01,TXm,-1.6046940418679512,-0.3787405492654194
1965-09-01,TXm,-0.5830736427751351,-0.37718674201712177
1965-12-01,TXm,0.6682949720263158,-0.3754986952535379
1966-03-01,TXm,-0.1919967793880808,-0.3736430684041965
1966-06-01,TXm,-0.8220853462157791,-0.3715725853948987
1966-09-01,TXm,-0.4610956207971135,-0.3692451871239886
1966-12-01,TXm,1.129406083137427,-0.36665242068412196
1967-03-01,TXm,-0.23438808373590803,-0.3637776105049734
1967-06-01,TXm,0.16813204508856927,-0.3606330888257028
1967-09-01,TXm,-0.23252419222568577,-0.3572534020157564
1967-12-01,TXm,-1.2028527691214261,-0.35365547634707406
1968-03-01,TXm,-0.009388083735908381,-0.34980732488323485
1968-06-01,TXm,-1.0416505636070816,-0.34566141959215824
1968-09-01,TXm,-0.28856814826963983,-0.3411946255480296
1968-12-01,TXm,-1.283927250195907,-0.3364417010834456
1969-03-01,TXm,-0.6756924315619948,-0.331452978286952
1969-06-01,TXm,-0.07969404186795259,-0.3262413488651893
1969-09-01,TXm,1.1454977857962927,-0.3207821965931665
1969-12-01,TXm,-1.8105939168625738,-0.3150599134173947
1970-03-01,TXm,-2.391996779388082,-0.3090810582568752
1970-06-01,TXm,0.2790016103059614,-0.30285744326505637
1970-09-01,TXm,0.9498933901918978,-0.2964225750921434
1970-12-01,TXm,0.040517194248537614,-0.2898300491401621
1971-03-01,TXm,-0.1767793880837356,-0.283149446333916
1971-06-01,TXm,-0.2938244766505633,-0.27647960311873465
1971-09-01,TXm,0.0114318517303591,-0.2699282599411979
1971-12-01,TXm,0.6905538242851677,-0.26354931073470295
1972-03-01,TXm,-0.21373590982286395,-0.2573669963709531
1972-06-01,TXm,-1.2220853462157812,-0.2514072807322017
1972-09-01,TXm,-1.0457110054124996,-0.24572314948274013
1972-12-01,TXm,0.33162830535964805,-0.2403828281975943
1973-03-01,TXm,-0.8191706924315607,-0.23544842634170457
1973-06-01,TXm,1.1594363929146532,-0.23098554260819665
1973-09-01,TXm,0.16198130227980911,-0.2270281876118796
1973-12-01,TXm,1.5138505275818703,-0.22359596819917696
1974-03-01,TXm,0.265611916264092,-0.22067605076833927
1974-06-01,TXm,-0.7938244766505633,-0.21823774330633228
1974-09-01,TXm,-1.803952763654257,-0.21625417636046249
1974-12-01,TXm,3.147183860915204,-0.21467149644720587
1975-03-01,TXm,-1.828953301127214,-0.21341513501071002
1975-06-01,TXm,1.123566827697264,-0.21249955577196003
1975-09-01,TXm,-0.5852714449729373,-0.2119678112835647
1975-12-01,TXm,-0.10285276912142649,-0.21186753541339967
1976-03-01,TXm,-0.02569243156199441,-0.2122020339896857
1976-06-01,TXm,3.404001610305958,-0.21294477297792874
1976-09-01,TXm,0.2290142693127759,-0.21405777953061494
1976-12-01,TXm,-0.08614947241812931,-0.2155111238320656
1977-03-01,TXm,-0.6463446054750399,-0.21726548490956746
1977-06-01,TXm,-1.6068679549114329,-0.2192498184951208
1977-09-01,TXm,0.3246186649171712,-0.22137381212940715
1977-12-01,TXm,0.25162830535964886,-0.2235499904425587
1978-03-01,TXm,-0.5322141706924306,-0.2256877012615802
1978-06-01,TXm,-1.5742592592592572,-0.22765457421849347
1978-09-01,TXm,-0.055601115302607695,-0.22930731838211701
1978-12-01,TXm,-2.7761494724181297,-0.2305303994173394
1979-03-01,TXm,-1.3159098228663435,-0.2312511108820242
1979-06-01,TXm,-1.2546940418679533,-0.2314134844137284
1979-09-01,TXm,0.3795637198622277,-0.23096722854731877
1979-12-01,TXm,0.7136307473620906,-0.22986243021732053
1980-03-01,TXm,-1.1713446054750403,-0.22805549681854753
1980-06-01,TXm,-1.3329549114331698,-0.2255171181228031
1980-09-01,TXm,-0.5204362801377709,-0.2222027182160351
1980-12-01,TXm,-0.45170502797368517,-0.21807110977859895
1981-03-01,TXm,0.7743075684380045,-0.21310194804648974
1981-06-01,TXm,-1.2068679549114307,-0.20728810306225393
1981-09-01,TXm,-0.3610956207971121,-0.20061914863930552
1981-12-01,TXm,-0.682816139084796,-0.19310307043080718
1982-03-01,TXm,-0.06917069243156071,-0.1847677875011765
1982-06-01,TXm,0.7040016103059585,-0.17565473872310483
1982-09-01,TXm,1.2454977857962923,-0.16583646418069914
1982-12-01,TXm,0.197183860915203,-0.15536304746527554
1983-03-01,TXm,-1.252866344605474,-0.14425419217783605
1983-06-01,TXm,2.4029146537842188,-0.13249835222206674
1983-09-01,TXm,0.21143185173036017,-0.12008384374747186
1983-12-01,TXm,0.20703734076868407,-0.10699469836253726
1984-03-01,TXm,-1.9919967793880833,-0.09322037590913909
1984-06-01,TXm,-0.18947665056360563,-0.07878614375645139
1984-09-01,TXm,0.5070362473347565,-0.06374589579476159
1984-12-01,TXm,-2.331705027973685,-0.04818655469925796
1985-03-01,TXm,-0.7702576489532991,-0.032240472079663816
1985-06-01,TXm,-0.5177375201288221,-0.016051895966140928
1985-09-01,TXm,-1.0753813350828256,0.00024543596884642877
1985-12-01,TXm,-1.530593916862574,0.016559400447183875
1986-03-01,TXm,-0.9039533011272116,0.03282976510536687
1986-06-01,TXm,0.30074074074074275,0.04906066771600124
1986-09-01,TXm,0.2751681154666219,0.06527510033442095
1986-12-01,TXm,-1.9561494724181294,0.08144704740464213
1987-03-01,TXm,-1.1409098228663446,0.09748751202836854
1987-06-01,TXm,-1.0666505636070838,0.11335843291820498
1987-09-01,TXm,0.32132196162046966,0.12903032551431778
1987-12-01,TXm,1.5389054726368148,0.14448735595821957
1988-03-01,TXm,0.4503945249597443,0.15970500814283542
1988-06-01,TXm,-0.9699114331723031,0.1746518748813508
1988-09-01,TXm,-0.3094472691487624,0.18929973563998506
1988-12-01,TXm,2.1438505275818702,0.20366735629551608
1989-03-01,TXm,1.6482206119162655,0.2178054091086117
1989-06-01,TXm,1.5735668276972667,0.2317784669168708
1989-09-01,TXm,1.3828604231589292,0.24563713132736248
1989-12-01,TXm,3.17273941647076,0.2594118485264769
1990-03-01,TXm,2.088438003220613,0.27314063663242033
1990-06-01,TXm,1.1931320450885714,0.2868845203108795
1990-09-01,TXm,0.28286042315893134,0.30070813944433183
1990-12-01,TXm,-0.8028161390847961,0.3146580712829615
1991-03-01,TXm,0.49278582930756976,0.32877604859562215
1991-06-01,TXm,0.21269726247987109,0.34306760117335305
1991-09-01,TXm,0.5048384451369525,0.3575356892036004
1991-12-01,TXm,0.5619823957137386,0.37219525428253913
1992-03-01,TXm,1.2797423510466999,0.38705757477713304
1992-06-01,TXm,0.9050885668277004,0.4021395122444855
1992-09-01,TXm,-0.5072494669509595,0.41742732464139465
1992-12-01,TXm,0.6571838609152048,0.432865738082484
1993-03-01,TXm,1.960177133655396,0.44837602676500343
1993-06-01,TXm,-0.5786070853462135,0.46385636097151106
1993-09-01,TXm,-2.4435132032146942,0.47920719559412456
1993-12-01,TXm,1.0016283053596489,0.49432692756060004
1994-03-01,TXm,0.2145249597423522,0.5091215346705354
1994-06-01,TXm,1.9366103059581299,0.5234538243715456
1994-09-01,TXm,0.7147285550270617,0.5371697514447652
1994-12-01,TXm,2.2538505275818705,0.5501592134714575
1995-03-01,TXm,0.10256843800322102,0.5623960457619955
1995-06-01,TXm,1.9648711755233528,0.5739029826130443
1995-09-01,TXm,1.207036247334754,0.5847195746984338
1995-12-01,TXm,-1.7852703515390083,0.5948914430068888
1996-03-01,TXm,-1.127866344605474,0.6044648318048048
1996-06-01,TXm,0.09530595813204457,0.6135324252524228
1996-09-01,TXm,-0.9259307856322785,0.622181588327015
1996-12-01,TXm,-0.9750383613070186,0.6304913264507515
1997-03-01,TXm,0.8319162640901769,0.638544633886907
1997-06-01,TXm,1.461610305958132,0.6463973765443494
1997-09-01,TXm,0.5553878956864029,0.6541308651547809
1997-12-01,TXm,2.204961638692982,0.6618566797625316
1998-03-01,TXm,1.0014814814814823,0.669685272836178
1998-06-01,TXm,-0.319911433172301,0.6776636289259381
1998-09-01,TXm,-1.4303263900278829,0.6858191112093808
1998-12-01,TXm,1.081628305359648,0.6942133159278345
1999-03-01,TXm,1.3384380032206131,0.7029125150639474
1999-06-01,TXm,0.749653784219003,0.7119473147928164
1999-09-01,TXm,0.7356076759061843,0.7213539606687962
1999-12-01,TXm,1.4553889891203324,0.7311325714161271
2000-03-01,TXm,1.0666988727858318,0.7412935842850377
2000-06-01,TXm,-0.31012882447664936,0.751857036222734
2000-09-01,TXm,0.7136296539281624,0.7628291922977443
2000-12-01,TXm,1.317183860915204,0.774159068073095
2001-03-01,TXm,0.23191626409017907,0.7857367511369089
2001-06-01,TXm,0.9311755233494345,0.797409585565833
2001-09-01,TXm,0.46527800557651133,0.8089876465766459
2001-12-01,TXm,1.4427394164707597,0.82029804172265
2002-03-01,TXm,1.0188727858293074,0.8312028936813924
2002-06-01,TXm,0.4713929146537872,0.8416615347011438
2002-09-01,TXm,0.487256027554535,0.8517068626851684
2002-12-01,TXm,0.13273941647075915,0.8613900416356788
2003-03-01,TXm,1.9199597423510486,0.870778318421626
2003-06-01,TXm,3.0496537842190037,0.879909920975015
2003-09-01,TXm,0.2927505330490412,0.8888010141936685
2003-12-01,TXm,0.994949428680771,0.8974562429884388
2004-03-01,TXm,0.6145249597423508,0.905878148011303
2004-06-01,TXm,0.44639291465378506,0.9140907464081914
2004-09-01,TXm,0.718025258323765,0.9221098046117068
2004-12-01,TXm,0.06607274980409272,0.9299414833953625
2005-03-01,TXm,0.8427858293075694,0.9375731637865221
2005-06-01,TXm,1.0887842190016102,0.94500446954558
2005-09-01,TXm,2.0180252583237674,0.9522868498510808
2005-12-01,TXm,-0.6694828057514624,0.9594632665507876
2006-03-01,TXm,0.13082930756843858,0.9665071884097524
2006-06-01,TXm,2.187697262479876,0.9733757390554733
2006-09-01,TXm,3.859783500082006,0.9800496223799291
2006-12-01,TXm,3.2727394164707597,0.9865535083656323
2007-03-01,TXm,3.584090177133657,0.9929212911283652
2007-06-01,TXm,0.16269726247987393,0.9992075349212532
2007-09-01,TXm,-0.2028538625553562,1.0054589711970974
2007-12-01,TXm,2.822421956153299,1.011766534369713
2008-03-01,TXm,1.3047423510466984,1.0182436269966784
2008-06-01,TXm,0.17900161030595996,1.024992081236794
2008-09-01,TXm,-0.046809906511398935,1.0320953080948798
2008-12-01,TXm,-0.7094828057514633,1.0396244725894548
2009-03-01,TXm,2.246046698872787,1.0476159744383122
2009-06-01,TXm,1.8409581320450918,1.0560475895980153
2009-09-01,TXm,1.8422010824995905,1.0648341572336824
2009-12-01,TXm,-1.4539272501959077,1.073866375009019
2010-03-01,TXm,0.301481481481483,1.083039307128948
2010-06-01,TXm,1.7637842190016144,1.0923107790296942
2010-09-01,TXm,-0.21054617024766387,1.1016914093630321
2010-12-01,TXm,-0.5150383613070186,1.1112074464535748
2011-03-01,TXm,3.7460466988727887,1.1208670190547252
2011-06-01,TXm,-0.22425925925925583,1.1306699258614328
2011-09-01,TXm,2.7345087748072814,1.140594160084505
2011-12-01,TXm,1.0048395385708817,1.1506254727775256
2012-03-01,TXm,1.4503945249597443,1.1607688538363867
2012-06-01,TXm,0.4594363929146539,1.1710543798763007
2012-09-01,TXm,0.6542889945875014,1.181511046121249
2012-12-01,TXm,-0.7072605835292407,1.1921348938250838
2013-03-01,TXm,-2.1061272141706926,1.2029051184922013
2013-06-01,TXm,1.3442190016103055,1.21381036617079
2013-09-01,TXm,0.616926357224866,1.2248767869573916
2013-12-01,TXm,3.1816283053596486,1.2361483671004083
2014-03-01,TXm,2.6645249597423515,1.2476537731404158
2014-06-01,TXm,0.06813204508856785,1.2594325571712712
2014-09-01,TXm,2.370772511071017,1.2767055893504695
2014-12-01,TXm,0.49385052758187076,1.2943302226535724
2015-03-01,TXm,0.6906119162640909,1.3124053447461224
2015-06-01,TXm,1.6453059581320488,1.3309199893498125
2015-09-01,TXm,0.744398884697393,1.3498291274809777
2015-12-01,TXm,3.0158285495598935,1.3690837100502469
2016-03-01,TXm,-0.19308373590982164,1.3886420321962454
2016-06-01,TXm,0.3659581320450904,1.4084688981027658
2016-09-01,TXm,0.7454977857962923,1.4285401445892016
2016-12-01,TXm,0.8371838609152036,1.4488400150995535
2017-03-01,TXm,2.27756843800322,1.4693576944920728
2017-06-01,TXm,1.7181320450885664,1.490084808229621
2017-09-01,TXm,0.7630802033787116,1.5110124590198108
2017-12-01,TXm,0.5694060831374257,1.5321319245312863
2018-03-01,TXm,2.535177133655395,1.5534362683932887
2018-06-01,TXm,3.2768276972624797,1.5749198613911601
2018-09-01,TXm,1.9828604231589324,1.596575273865283
2018-12-01,TXm,2.3594060831374257,1.61839252128424
2019-03-01,TXm,1.072133655394527,1.6403609495686093
2019-06-01,TXm,2.574653784219006,1.6624697966745823
2019-09-01,TXm,0.7586845989831055,1.684709307052088
2019-12-01,TXm,3.103740637471981,1.7070697985777479
2020-03-01,TXm,2.6373510466988748,1.729542742318445
2020-06-01,TXm,2.1018276972624825,1.7521186015220616
2020-09-01,TXm,1.999343939642447,1.774787051562247
2020-12-01,TXm,1.3560727498040928,1.797537905787209
2021-03-01,TXm,-0.6050402576489518,1.8203616080150968
2021-06-01,TXm,0.34530595813204457,1.8432505627559026
2021-09-01,TXm,1.1652780055765124,1.866201176265271
2021-12-01,TXm,2.2249616386929816,1.8892128104559993
2022-03-01,TXm,2.588438003220613,1.912286086742415
2022-06-01,TXm,3.220305958132048,1.9354212669926445
2022-09-01,TXm,2.635607675906183,1.958617387077141
2022-12-01,TXm,1.8616283053596483,1.9818716706220465
2023-03-01,TXm,0.515611916264092,2.005180405971704
2023-06-01,TXm,2.0931320450885664,2.0285405700661148
2023-09-01,TXm,2.9597835000820076,2.051951256012374
2023-12-01,TXm,2.6312131649445085,2.075411783948113
2024-03-01,TXm,1.784090177133658,2.0989202276172363
2024-06-01,TXm,1.0561755233494345,2.122473917314266
2024-09-01,TXm,1.2465966868951952,2.1460709801018525
2024-12-01,TXm,0.8071838609152042,2.169711574683207
2025-03-01,TXm,3.322133655394527,2.1933980501893444
2025-06-01,TXm,2.846392914653787,2.2171346181272082
2025-09-01,TXm,1.0345087748072839,2.2409241025003763
2025-12-01,TXm,2.476072749804093,2.2647684742659564
2026-03-01,TXm,3.337351046698874,2.288671234271063
2026-06-01,TXm,3.731175523349439,2.3126356096932748
1892-03-01,TNm,-2.0380112721417065,-0.9191771359593485
1892-06-01,TNm,-1.2290660225442824,-0.9141655362662643
1892-09-01,TNm,-0.327185501066098,-0.9091878654949223
1892-12-01,TNm,-2.7952290744081787,-0.9042411847080123
1893-03-01,TNm,0.4272061191626415,-0.899322510904315
1893-06-01,TNm,0.013325281803544087,-0.8944265893605974
1893-09-01,TNm,-1.0733393472199433,-0.8895495997999996
1893-12-01,TNm,-0.6941179632970679,-0.8846893644524105
1894-03-01,TNm,0.1369887278582942,-0.8798437548256797
1894-06-01,TNm,-0.4399355877616742,-0.8750111133163296
1894-09-01,TNm,-0.7139986878792852,-0.8701913519246853
1894-12-01,TNm,-4.099673518852623,-0.8653853725013534
1895-03-01,TNm,-0.8325764895330101,-0.860593381823923
1895-06-01,TNm,-0.7453703703703685,-0.8558113097511799
1895-09-01,TNm,-0.01729539117598833,-0.8510338990870547
1895-12-01,TNm,-0.9159738851529897,-0.846256104034746
1896-03-01,TNm,-0.7369243156199676,-0.8414737769535403
1896-06-01,TNm,-0.5138486312399344,-0.8366828427866714
1896-09-01,TNm,-1.862350336230933,-0.8318793029964955
1896-12-01,TNm,-0.5041179632970678,-0.8270591600917403
1897-03-01,TNm,-0.3771417069243155,-0.8222172101220712
1897-06-01,TNm,0.3850644122383269,-0.8173482664257483
1897-09-01,TNm,-1.628284402164999,-0.8124479823255566
1897-12-01,TNm,0.3925487033695989,-0.8075132939605072
1898-03-01,TNm,-1.349967793880837,-0.8025408677239506
1898-06-01,TNm,-0.8029790660225427,-0.797528438822048
1898-09-01,TNm,0.12336394948335272,-0.792473526989337
1898-12-01,TNm,1.0025487033695988,-0.7873738322870885
1899-03-01,TNm,-1.6282286634460545,-0.7822289488301716
1899-06-01,TNm,-0.3497181964573244,-0.7770412782852676
1899-09-01,TNm,-0.3326800065606035,-0.7718135956896972
1899-12-01,TNm,-1.7796735188526234,-0.7665499756247678
1900-03-01,TNm,-2.166272141706924,-0.7612560038727092
1900-06-01,TNm,-0.10515297906601972,-0.75593673138221
1900-09-01,TNm,-0.44916352304411955,-0.7505961337700899
1900-12-01,TNm,-1.56634018551929,-0.7452399182165089
1901-03-01,TNm,-0.8825764895330108,-0.7398757817834108
1901-06-01,TNm,-0.2138486312399337,-0.7345120578534426
1901-09-01,TNm,-0.7535591274397246,-0.7291589610177197
1901-12-01,TNm,-0.5007846299637345,-0.7238305663791392
1902-03-01,TNm,-1.1760547504025762,-0.7185453063621074
1902-06-01,TNm,-1.486674718196456,-0.7133270809522511
1902-09-01,TNm,-1.3414712153518131,-0.7082048869732285
1902-12-01,TNm,0.005882036702932192,-0.7032121319999267
1903-03-01,TNm,-0.39779388083735867,-0.6983864988803298
1903-06-01,TNm,-1.024718196457325,-0.6937695667023944
1903-09-01,TNm,0.4794079055273084,-0.6893962671487904
1903-12-01,TNm,-1.3038859730650776,-0.6852712395237089
1904-03-01,TNm,-0.5445330112721409,-0.6813310113087038
1904-06-01,TNm,-0.7866747181964548,-0.673569302969374
1904-09-01,TNm,-1.4755371494177458,-0.6655511467777809
1904-12-01,TNm,-0.04411796329706785,-0.6573299167531085
1905-03-01,TNm,-0.2749677938808368,-0.6489685253855483
1905-06-01,TNm,0.4557165861513699,-0.6406044332106907
1905-09-01,TNm,-1.9986140724946697,-0.6323768467159551
1905-12-01,TNm,0.08921537003626556,-0.6243830241632748
1906-03-01,TNm,-0.9184460547504019,-0.6167021390294609
1906-06-01,TNm,-0.5127616747181936,-0.60939916530522
1906-09-01,TNm,0.7002870264064294,-0.6024955326886297
1906-12-01,TNm,-2.365229074408179,-0.5959971510414321
1907-03-01,TNm,-0.7934460547504019,-0.5899040301919688
1907-06-01,TNm,-1.6323268921095,-0.5842373872537462
1907-09-01,TNm,0.3497375758569792,-0.5790285806458059
1907-12-01,TNm,-1.2313585005376049,-0.5743224175073472
1908-03-01,TNm,-0.8945330112721415,-0.5701670482817228
1908-06-01,TNm,-0.6062399355877606,-0.5665629429079039
1908-09-01,TNm,-0.8876250615056582,-0.563475303652072
1908-12-01,TNm,-2.3130068521859566,-0.5608837939285308
1909-03-01,TNm,-1.5260547504025759,-0.5588018759453025
1909-06-01,TNm,-1.473631239935587,-0.5572160098387936
1909-09-01,TNm,-0.8997129735935703,-0.5560879584250714
1909-12-01,TNm,0.532548703369599,-0.5553676937691204
1910-03-01,TNm,-0.5890982286634454,-0.5550281523712228
1910-06-01,TNm,-0.2236312399355871,-0.555046985300235
1910-09-01,TNm,-0.6909217648023613,-0.5554215815307122
1910-12-01,TNm,0.3614375922584878,-0.5561756175160559
1911-03-01,TNm,-0.33801127214170634,-0.5573307740420648
1911-06-01,TNm,0.7524557165861516,-0.5588405771962645
1911-09-01,TNm,-0.3008118746924717,-0.5606491540502415
1911-12-01,TNm,1.6510590818799775,-0.5627050587511904
1912-03-01,TNm,0.44568438003220745,-0.564959327869435
1912-06-01,TNm,-0.3768921095008029,-0.5674008382596657
1912-09-01,TNm,-2.2733393472199444,-0.5700468305473843
1912-12-01,TNm,1.1781042589251545,-0.5729075154395378
1913-03-01,TNm,0.6293800322061198,-0.5759568061632445
1913-06-01,TNm,-1.5486312399355864,-0.5791495365929311
1913-09-01,TNm,1.0629243890437916,-0.5824475378541458
1913-12-01,TNm,-0.5341179632970678,-0.5858180190325027
1914-03-01,TNm,0.30438003220611964,-0.5892530218951464
1914-06-01,TNm,-0.5301529790660222,-0.5927230650075747
1914-09-01,TNm,-0.8656470395276363,-0.596204348040831
1914-12-01,TNm,0.8792153700362655,-0.5996950723436464
1915-03-01,TNm,-0.9619243156199673,-0.603203800859258
1915-06-01,TNm,-0.6627616747181957,-0.6067350294656909
1915-09-01,TNm,-2.352460226340823,-0.6102934550616607
1915-12-01,TNm,1.678531609352505,-0.6138912097725414
1916-03-01,TNm,-0.13148953301127175,-0.6175273981650143
1916-06-01,TNm,-1.6008051529790652,-0.6212207572337638
1916-09-01,TNm,-0.3052074790880761,-0.6250057995592
1916-12-01,TNm,-3.2518957410748452,-0.6289360664648695
1917-03-01,TNm,-1.7477938808373588,-0.6330979698925914
1917-06-01,TNm,0.19376006441224014,-0.6376178677078309
1917-09-01,TNm,-0.8304822043628013,-0.642616476645392
1917-12-01,TNm,-1.2018957410748456,-0.6481869086858311
1918-03-01,TNm,0.014162640901772328,-0.6543885251078563
1918-06-01,TNm,-1.8464573268921072,-0.661215656985705
1918-09-01,TNm,-1.165647039527637,-0.6686344676003041
1918-12-01,TNm,0.0981042589251544,-0.6765739315661138
1919-03-01,TNm,-0.9434460547504022,-0.6849110145152016
1919-06-01,TNm,-1.811674718196457,-0.6935357200258367
1919-09-01,TNm,-2.616196490077087,-0.7023521610398552
1919-12-01,TNm,1.1257843566052521,-0.7112686610038689
1920-03-01,TNm,0.7185104669887279,-0.7201786133186707
1920-06-01,TNm,-1.5953703703703699,-0.728977669201621
1920-09-01,TNm,-2.0634492373298343,-0.7375656938852574
1920-12-01,TNm,0.6958820367029321,-0.7458084307953701
1921-03-01,TNm,-0.16953301127214093,-0.7535573715335588
1921-06-01,TNm,-0.8595008051529778,-0.7606988149442021
1921-09-01,TNm,-1.316196490077087,-0.7671467361958075
1921-12-01,TNm,-1.1141179632970677,-0.7728417427123817
1922-03-01,TNm,-1.0749677938808366,-0.7777575132771666
1922-06-01,TNm,-1.611674718196456,-0.7818975989804344
1922-09-01,TNm,-2.607405281285878,-0.7852740602853531
1922-12-01,TNm,1.2992153700362656,-0.7878974615046433
1923-03-01,TNm,-0.5499677938808363,-0.7897651448425927
1923-06-01,TNm,-1.3942834138486297,-0.7908560085973481
1923-09-01,TNm,-1.2832294571100533,-0.7911742790538424
1923-12-01,TNm,-1.9401497093288138,-0.7907248481076344
1924-03-01,TNm,-0.7858373590982275,-0.7895128969692196
1924-06-01,TNm,-1.5029790660225437,-0.7875156819805816
1924-09-01,TNm,-0.18982286370346024,-0.7847026528676897
1924-12-01,TNm,1.2058820367029321,-0.781064227751108
1925-03-01,TNm,-0.6825764895330106,-0.7766481326255528
1925-06-01,TNm,-0.8692834138486312,-0.7714862272298523
1925-09-01,TNm,-2.4150975889781856,-0.7656008130357221
1925-12-01,TNm,0.7547709255918211,-0.7590419528404626
1926-03-01,TNm,-0.47931561996779326,-0.751859278958411
1926-06-01,TNm,-0.7138486312399337,-0.7441140948102448
1926-09-01,TNm,-0.03817451205510913,-0.7358754670401219
1926-12-01,TNm,-0.1174512966304011,-0.727216503721445
1927-03-01,TNm,-0.42279388083735814,-0.7181975427007209
1927-06-01,TNm,-0.5453703703703674,-0.708850375852386
1927-09-01,TNm,-0.5326800065606037,-0.6992100513922931
1927-12-01,TNm,-0.5819079510870556,-0.6893219877819379
1928-03-01,TNm,-0.743446054750402,-0.6792669527400973
1928-06-01,TNm,-1.3562399355877606,-0.6691466980519716
1928-09-01,TNm,-0.7744382483188454,-0.6590266648617109
1928-12-01,TNm,-4.273006852185957,-0.64896542846037
1929-03-01,TNm,-1.7325764895330105,-0.6390205025824678
1929-06-01,TNm,-1.66928341384863,-0.6292966265924077
1929-09-01,TNm,0.1508364769558801,-0.6199122336156859
1929-12-01,TNm,1.19365981448071,-0.610939247579422
1930-03-01,TNm,-0.31735909822866315,-0.6024448573506612
1930-06-01,TNm,-0.20080515297906487,-0.5945462492438283
1930-09-01,TNm,0.36182548794489033,-0.5873267709783787
1930-12-01,TNm,-0.5885624077415123,-0.5808397688317838
1931-03-01,TNm,-1.268446054750402,-0.5750980046359676
1931-06-01,TNm,-0.6497181964573251,-0.5700510146590212
1931-09-01,TNm,-1.560152534033131,-0.5656153679981792
1931-12-01,TNm,-0.5764134455925501,-0.5617272510986234
1932-03-01,TNm,-1.4108373590982284,-0.5583570361845177
1932-06-01,TNm,0.39702093397745664,-0.5554578996068343
1932-09-01,TNm,-0.2843283582089553,-0.5529650710243905
1932-12-01,TNm,-0.8130068521859567,-0.5508224403548236
1933-03-01,TNm,-0.22931561996779326,-0.5490036413213557
1933-06-01,TNm,-0.17797906602254265,-0.5474681668101428
1933-09-01,TNm,-0.8161964900770871,-0.5461246171193508
1933-12-01,TNm,-2.530784629963734,-0.5448632352242762
1934-03-01,TNm,-0.42822866344605437,-0.5435713692864826
1934-06-01,TNm,-0.4888486312399358,-0.542138977379843
1934-09-01,TNm,0.37501230113170436,-0.5404685832661905
1934-12-01,TNm,1.8003264811473767,-0.5384991009429142
1935-03-01,TNm,-1.1021417069243151,-0.536222619712691
1935-06-01,TNm,0.03723832528180537,-0.5336736618194706
1935-09-01,TNm,0.004682630802033572,-0.5308560768060455
1935-12-01,TNm,0.13237776319865868,-0.527744474297265
1936-03-01,TNm,-0.35757648953301047,-0.5243104443230229
1936-06-01,TNm,-0.22254428341384802,-0.5205317533143932
1936-09-01,TNm,-1.1480646219452186,-0.5163930574245938
1936-12-01,TNm,1.1592153700362657,-0.5119167817590771
1937-03-01,TNm,0.06742351046698936,-0.5071376946164129
1937-06-01,TNm,-0.23993558776167312,-0.5020675539713989
1937-09-01,TNm,-0.721690995571592,-0.4967361616374005
1937-12-01,TNm,-0.21634018551929002,-0.49120106677605774
1938-03-01,TNm,-0.8640982286634458,-0.48553628486045236
1938-06-01,TNm,-0.5138486312399344,-0.47980116514083326
1938-09-01,TNm,0.8101771362965398,-0.4740454476174468
1938-12-01,TNm,0.3481042589251544,-0.4683120818340966
1939-03-01,TNm,-0.3630112721417058,-0.4626463834120386
1939-06-01,TNm,-0.24428341384863117,-0.4570996917524983
1939-09-01,TNm,0.15413318025258338,-0.45173247184059284
1939-12-01,TNm,-4.3137760829551866,-0.44659534334843415
1940-03-01,TNm,0.44894524959742377,-0.4417069908220373
1940-06-01,TNm,-1.0388486312399348,-0.43704290534289253
1940-09-01,TNm,-1.1392734131540099,-0.4325404681538756
1940-12-01,TNm,-2.6807846299637346,-0.4281312390325075
1941-03-01,TNm,-1.5608373590982279,-0.42378468504188976
1941-06-01,TNm,0.03941223832528351,-0.41953692772641515
1941-09-01,TNm,-0.663449237329834,-0.4154499515478139
1941-12-01,TNm,-4.610784629963734,-0.41160118749756525
1942-03-01,TNm,-0.3086634460547497,-0.408047514529208
1942-06-01,TNm,-0.052979066022542654,-0.4048052826130406
1942-09-01,TNm,0.6871002132196162,-0.4018730564734757
1942-12-01,TNm,1.0658820367029322,-0.39923845479723696
1943-03-01,TNm,0.7282930756843813,-0.39685707664346315
1943-06-01,TNm,-0.3247181964573258,-0.3946862582711954
1943-09-01,TNm,-0.3458668197474166,-0.3927087887450199
1943-12-01,TNm,-0.4434464126255171,-0.39089550389638245
1944-03-01,TNm,-1.4293156199677934,-0.38923200783935114
1944-06-01,TNm,0.12962962962963154,-0.3877442633134328
1944-09-01,TNm,-0.665647039527637,-0.38647029990077525
1944-12-01,TNm,-1.4241179632970677,-0.38543202002143745
1945-03-01,TNm,1.4598148148148153,-0.3846085131627463
1945-06-01,TNm,0.06876006441224014,-0.3839230035119542
1945-09-01,TNm,0.22446285058225346,-0.38327593668510934
1945-12-01,TNm,-0.4696735188526234,-0.3825554366700998
1946-03-01,TNm,-0.2825764895330112,-0.3816616434286274
1946-06-01,TNm,-0.9910225442834122,-0.38054565494204096
1946-09-01,TNm,0.054133180252582846,-0.3792077943306321
1946-12-01,TNm,-4.43634018551929,-0.3776642241133941
1947-03-01,TNm,0.43264090177133685,-0.3759143183500846
1947-06-01,TNm,1.1752818035426742,-0.37391876996139656
1947-09-01,TNm,0.25303427915368193,-0.37163611960846793
1947-12-01,TNm,1.006004136825032,-0.3690408594062563
1948-03-01,TNm,0.8489452495974232,-0.36612403138347527
1948-06-01,TNm,-0.4801529790660197,-0.36287847142976615
1948-09-01,TNm,-0.6150975889781858,-0.359308194472153
1948-12-01,TNm,0.6369931478140434,-0.35544211769006934
1949-03-01,TNm,-0.9532286634460538,-0.35132266656379596
1949-06-01,TNm,-0.9540660225442821,-0.3469683484268975
1949-09-01,TNm,0.9486386747580777,-0.3423854561864853
1949-12-01,TNm,0.09921537003626557,-0.3376014888471569
1950-03-01,TNm,0.09133655394525064,-0.3326545709659776
1950-06-01,TNm,0.7328904991948484,-0.3276090073086543
1950-09-01,TNm,-0.27773495161554784,-0.32257880661787297
1950-12-01,TNm,-0.5885624077415123,-0.3177132615991381
1951-03-01,TNm,-1.260837359098228,-0.3131660675435722
1951-06-01,TNm,-0.48123993558776057,-0.30912772750336814
1951-09-01,TNm,0.46292438904379196,-0.30574618357858113
1951-12-01,TNm,-0.11597388515298968,-0.30310277360998544
1952-03-01,TNm,1.0663365539452494,-0.30121941282349335
1952-06-01,TNm,0.1611513687600663,-0.30014469176866615
1952-09-01,TNm,-2.4832294571100544,-0.29988792296733363
1952-12-01,TNm,-1.3707846299637345,-0.30042117263789386
1953-03-01,TNm,-0.09453301127214075,-0.30168855109564424
1953-06-01,TNm,-0.07580515297906487,-0.3036390798524289
1953-09-01,TNm,0.1914958176152206,-0.30622275495842455
1953-12-01,TNm,-1.075229074408179,-0.30937779552399214
1954-03-01,TNm,-0.36409822866344577,-0.3130500612560433
1954-06-01,TNm,-1.0160225442834125,-0.3172239171410955
1954-09-01,TNm,0.22006724618664908,-0.32188563405460846
1954-12-01,TNm,-0.7985624077415123,-0.327016006278847
1955-03-01,TNm,-1.999967793880837,-0.33257127198136066
1955-06-01,TNm,0.13506441223832688,-0.33845727058621783
1955-09-01,TNm,-0.5469657208463179,-0.3445523225023588
1955-12-01,TNm,-3.185204654383759,-0.3507349636252387
1956-03-01,TNm,-1.0010547504025755,-0.35688507824062554
1956-06-01,TNm,-1.5214573268921079,-0.36289101892829106
1956-09-01,TNm,-0.14257011645071316,-0.3686619228605042
1956-12-01,TNm,1.8225487033695988,-0.3741046423015502
1957-03-01,TNm,0.184814814814815,-0.379134644540126
1957-06-01,TNm,0.09484702093397779,-0.38371631995620087
1957-09-01,TNm,-0.03927341315401023,-0.38780922837300724
1957-12-01,TNm,-0.006340185519290054,-0.39135584467474654
1958-03-01,TNm,-1.5945330112721412,-0.394283643031338
1958-06-01,TNm,-0.1725442834138473,-0.3965398945796904
1958-09-01,TNm,0.5695177956371991,-0.39808126493393436
1958-12-01,TNm,-0.56634018551929,-0.3988628644408355
1959-03-01,TNm,1.0359017713365546,-0.398832217861109
1959-06-01,TNm,0.03941223832528351,-0.3980117075152153
1959-09-01,TNm,-0.4777349516155489,-0.3964618598401048
1959-12-01,TNm,0.5620480928689884,-0.3942413276402273
1960-03-01,TNm,0.543510466988729,-0.39141470769524694
1960-06-01,TNm,-0.6508051529790642,-0.38801978285426003
1960-09-01,TNm,0.6057815319009352,-0.38407859087163854
1960-12-01,TNm,0.9325487033695989,-0.37963659357900076
1961-03-01,TNm,0.8630756843800329,-0.37477297245503427
1961-06-01,TNm,-1.1366747181964563,-0.3695589544079773
1961-09-01,TNm,1.0189683450877478,-0.36409185582576425
1961-12-01,TNm,-0.57634018551929,-0.3584831029941744
1962-03-01,TNm,-1.5314895330112717,-0.35283838546247037
1962-06-01,TNm,-1.647544283413847,-0.34723225242212175
1962-09-01,TNm,-0.9766360505166478,-0.3417266644731947
1962-12-01,TNm,-5.667451296630402,-0.3363815191772942
1963-03-01,TNm,-0.3564895330112714,-0.3312499662147361
1963-06-01,TNm,-0.6095008051529778,-0.3263343721556801
1963-09-01,TNm,0.38160570772511093,-0.32165267512371953
1963-12-01,TNm,-1.642347511526616,-0.3172298448951831
1964-03-01,TNm,-0.015185185185184302,-0.3130900118971858
1964-06-01,TNm,-0.4975442834138484,-0.30924002728719174
1964-09-01,TNm,-0.4590536329342294,-0.30566152809624497
1964-12-01,TNm,-0.4630068521859567,-0.3022969325682918
1965-03-01,TNm,-0.22388083735909703,-0.2991014337389783
1965-06-01,TNm,-0.972544283413848,-0.29605142435871784
1965-09-01,TNm,-1.2645481384287356,-0.2931282927013751
1965-12-01,TNm,0.9058820367029321,-0.2903016506309043
1966-03-01,TNm,0.5761191626409028,-0.2875127111859962
1966-06-01,TNm,-0.16493558776167205,-0.28469384291041383
1966-09-01,TNm,0.19589142201082588,-0.2817781532534969
1966-12-01,TNm,1.2358820367029322,-0.27871562910590814
1967-03-01,TNm,-0.19344605475040222,-0.27545279874567263
1967-06-01,TNm,-0.17580515297906274,-0.27197509651268426
1967-09-01,TNm,0.05083647695588045,-0.2682871751573454
1967-12-01,TNm,-0.7654244346035391,-0.2643732810954823
1968-03-01,TNm,-0.278228663446054,-0.2601985216296492
1968-06-01,TNm,-0.2518921095008029,-0.2557430542898976
1968-09-01,TNm,0.6925947187141217,-0.2510175364493284
1968-12-01,TNm,-1.077451296630401,-0.24607167940395314
1969-03-01,TNm,-0.6032286634460542,-0.24097377557050467
1969-06-01,TNm,0.004629629629631538,-0.23575749941503488
1969-09-01,TNm,0.4706166967361005,-0.23041589574207685
1969-12-01,TNm,-1.417451296630401,-0.22493696752315398
1970-03-01,TNm,-1.0054025764895327,-0.21931753405525536
1970-06-01,TNm,-0.07797906602254123,-0.21357170265781522
1970-09-01,TNm,1.0958914220108262,-0.20774403607404637
1970-12-01,TNm,0.18810425892515448,-0.20187113741627125
1971-03-01,TNm,-0.6336634460547499,-0.19597030934354903
1971-06-01,TNm,0.004629629629631538,-0.19007100164830643
1971-09-01,TNm,-0.9293833032639007,-0.18419447926400512
1971-12-01,TNm,0.9060041368250322,-0.1783475847698654
1972-03-01,TNm,0.18590177133655494,-0.17255068341809596
1972-06-01,TNm,-0.6747181964573254,-0.1668354715460124
1972-09-01,TNm,-1.3865261604067571,-0.16125538878450235
1972-12-01,TNm,0.7792153700362654,-0.15587636454957746
1973-03-01,TNm,-0.7619243156199671,-0.15074172925436582
1973-06-01,TNm,0.4448470209339792,-0.1459086079470732
1973-09-01,TNm,-0.6590536329342305,-0.14140637317985552
1973-12-01,TNm,1.4925487033695988,-0.1372586779818289
1974-03-01,TNm,0.010901771336554233,-0.13345726413572506
1974-06-01,TNm,-1.062761674718196,-0.1299812680630502
1974-09-01,TNm,-1.1293833032639,-0.12679991432549131
1974-12-01,TNm,2.385882036702932,-0.12385625013169202
1975-03-01,TNm,-0.6390982286634461,-0.12108321835595447
1975-06-01,TNm,0.476368760064414,-0.11850679482725601
1975-09-01,TNm,-0.6832294571100537,-0.11617373510553826
1975-12-01,TNm,0.3191909500118455,-0.11411221343836828
1976-03-01,TNm,-1.1032286634460542,-0.1123000087246876
1976-06-01,TNm,0.977455716586153,-0.11068333589748762
1976-09-01,TNm,0.545341971461375,-0.10918911540437042
1976-12-01,TNm,0.041437592258487754,-0.10775370902458489
1977-03-01,TNm,-0.48257648953301047,-0.10631265189434795
1977-06-01,TNm,-0.46493558776167454,-0.10477108350617466
1977-09-01,TNm,0.1706166967360998,-0.10303021095125578
1977-12-01,TNm,0.4947709255918211,-0.10102566505045346
1978-03-01,TNm,0.025032206119163014,-0.09872036149399047
1978-06-01,TNm,-1.2497181964573247,-0.09605052544813095
1978-09-01,TNm,-0.18652616040675785,-0.09295129744165634
1978-12-01,TNm,-2.823006852185957,-0.08938575146096542
1979-03-01,TNm,-0.5684460547504022,-0.08533899902991418
1979-06-01,TNm,-0.6410225442834125,-0.08079749459037518
1979-09-01,TNm,-0.1788338527144493,-0.07575208166569555
1979-12-01,TNm,1.112597543418439,-0.07019738237176025
1980-03-01,TNm,-0.5554025764895325,-0.06413143663867685
1980-06-01,TNm,-0.3681964573268903,-0.057561908724448434
1980-09-01,TNm,-0.6370756109562077,-0.05048534812340294
1980-12-01,TNm,-0.4396735188526234,-0.042890304071075275
1981-03-01,TNm,1.4109017713365546,-0.03476189720720388
1981-06-01,TNm,-0.13015297906602186,-0.026086843072916064
1981-09-01,TNm,-0.20960308348368084,-0.016853083151688816
1981-12-01,TNm,-0.8785624077415123,-0.007068711452482745
1982-03-01,TNm,-0.4619243156199673,0.0032417469839323286
1982-06-01,TNm,1.0991948470209358,0.014048645574990741
1982-09-01,TNm,1.5739134000328026,0.02531612536581218
1982-12-01,TNm,0.4092153700362655,0.03701671171159031
1983-03-01,TNm,0.1978582930756847,0.04915285295704834
1983-06-01,TNm,1.7600644122383269,0.06175341656222086
1983-09-01,TNm,0.42116614728555124,0.07483239847870653
1983-12-01,TNm,0.5367733675942632,0.08840201281065758
1984-03-01,TNm,-0.777141706924315,0.10245318866791185
1984-06-01,TNm,-0.1258051529790638,0.11694125563214848
1984-09-01,TNm,1.5343529604723631,0.13179746824810146
1984-12-01,TNm,-2.7607846299637346,0.14692714349605288
1985-03-01,TNm,0.1337278582930761,0.162193709065284
1985-06-01,TNm,-0.7127616747181946,0.17746162057617298
1985-09-01,TNm,-0.8854272593078569,0.1926110288237789
1985-12-01,TNm,-1.2518957410748457,0.20755358920839576
1986-03-01,TNm,-0.724967793880837,0.2222133252700108
1986-06-01,TNm,-0.013848631239934406,0.23657826753108332
1986-09-01,TNm,0.18380350992291294,0.2506729023355598
1986-12-01,TNm,-1.3041179632970676,0.26448653220139406
1987-03-01,TNm,-0.8314895330112719,0.2779737251562521
1987-06-01,TNm,-0.1692834138486301,0.2911446372905219
1987-09-01,TNm,0.8728144989339013,0.30404126463641695
1987-12-01,TNm,1.9917184225393183,0.31671488399291714
1988-03-01,TNm,0.773945249597424,0.3292129100943994
1988-06-01,TNm,-0.0888486312399337,0.34158590165671465
1988-09-01,TNm,0.37721010332950655,0.35387629828322287
1988-12-01,TNm,2.63365981448071,0.3661289560709468
1989-03-01,TNm,1.1989452495974238,0.37841277615698937
1989-06-01,TNm,0.2731078904991975,0.39080100046288235
1989-09-01,TNm,0.9552320813514843,0.4033525410266124
1989-12-01,TNm,2.876993147814043,0.41611096409506815
1990-03-01,TNm,1.1478582930756849,0.4291226194124677
1990-06-01,TNm,0.21332528180354515,0.44244662067989726
1990-09-01,TNm,0.2816057077251113,0.4561523082155595
1990-12-01,TNm,-0.6330068521859566,0.4703056132986583
1991-03-01,TNm,0.346771336553946,0.48496130556030975
1991-06-01,TNm,0.3861513687600642,0.5001159509935335
1991-09-01,TNm,0.2827046088240124,0.5157501981013306
1991-12-01,TNm,0.5664436972645928,0.5318410563316515
1992-03-01,TNm,1.383727858293076,0.5483371541126114
1992-06-01,TNm,1.0296296296296301,0.5651957009653298
1992-09-01,TNm,-0.2645481384287356,0.5823625184799734
1992-12-01,TNm,1.0003264811473767,0.5997668873129932
1993-03-01,TNm,1.7891626409017718,0.617319622881645
1993-06-01,TNm,-0.4160225442834129,0.6349093786676061
1993-09-01,TNm,-1.1249876988682956,0.6524396391383636
1993-12-01,TNm,1.2058820367029321,0.6698236026785072
1994-03-01,TNm,0.972858293075685,0.6869788840354425
1994-06-01,TNm,1.3491948470209358,0.7037725159289726
1994-09-01,TNm,1.255232081351485,0.7200383849330566
1994-12-01,TNm,2.2192153700362653,0.7356410240192158
1995-03-01,TNm,0.2413365539452501,0.7505162835012695
1995-06-01,TNm,1.7720209339774566,0.7646503780188773
1995-09-01,TNm,1.3420452681646715,0.7780493030029753
1995-12-01,TNm,-1.4148749840540886,0.790731137040584
1996-03-01,TNm,-0.9499677938808366,0.8027130040463739
1996-06-01,TNm,-0.05515297906602079,0.8140487858314676
1996-09-01,TNm,-0.5107019845825818,0.8248049877213629
1996-12-01,TNm,-0.925229074408179,0.8350579162377534
1997-03-01,TNm,0.8859017713365551,0.8449016646627591
1997-06-01,TNm,1.441586151368762,0.8543915791920307
1997-09-01,TNm,0.16622109234049542,0.8636003452983229
1997-12-01,TNm,1.9803264811473764,0.8726154152318775
1998-03-01,TNm,2.0717713365539456,0.8815268620742367
1998-06-01,TNm,0.00571658615136883,0.8903680730688924
1998-09-01,TNm,-0.38103165491225166,0.8991400382867614
1998-12-01,TNm,1.5581042589251544,0.90785696144699
1999-03-01,TNm,1.9935104669887282,0.9165318058125844
1999-06-01,TNm,0.8100644122383258,0.9251428802609696
1999-09-01,TNm,1.3442430703624737,0.9336515737895296
1999-12-01,TNm,1.5873228181437136,0.9419976437381302
2000-03-01,TNm,2.0674235104669894,0.950135058167709
2000-06-01,TNm,0.2828904991948473,0.9580383390377558
2000-09-01,TNm,1.9310562571756602,0.9656845231776964
2000-12-01,TNm,1.6814375922584879,0.9730275731645547
2001-03-01,TNm,1.1739452495974243,0.9799945455297259
2001-06-01,TNm,0.7796296296296301,0.9865157664715744
2001-09-01,TNm,1.1497375758569781,0.9925087170646278
2001-12-01,TNm,1.3892153700362657,0.99789707126322
2002-03-01,TNm,1.273945249597424,1.0026373118085343
2002-06-01,TNm,1.4481078904991964,1.0067774451868936
2002-09-01,TNm,1.1530342791536814,1.0104133466575116
2002-12-01,TNm,0.012548703369598901,1.013646320569617
2003-03-01,TNm,1.4467713365539456,1.016588870845536
2003-06-01,TNm,2.3470209339774577,1.0193170313561615
2003-09-01,TNm,-0.4107019845825812,1.0218664008846017
2003-12-01,TNm,1.146663477484373,1.0242502531463262
2004-03-01,TNm,0.9402495974235112,1.0264794690151229
2004-06-01,TNm,0.9350644122383258,1.0285854951097968
2004-09-01,TNm,1.1002870264064288,1.0305896651428268
2004-12-01,TNm,0.4269931478140434,1.0325051882799339
2005-03-01,TNm,1.2174235104669897,1.0343178875151637
2005-06-01,TNm,0.9307165861513713,1.0360113475694426
2005-09-01,TNm,1.9783090044284073,1.0375917929719842
2005-12-01,TNm,-0.38634018551929,1.0390539762308144
2006-03-01,TNm,0.2956843800322062,1.0403529486125458
2006-06-01,TNm,1.7133252818035452,1.0414414061414001
2006-09-01,TNm,3.207979334098736,1.0422972471112788
2006-12-01,TNm,3.62365981448071,1.042926972314561
2007-03-01,TNm,2.2326409017713376,1.043342915809766
2007-06-01,TNm,1.0600644122383258,1.043581373695513
2007-09-01,TNm,0.04204526816467169,1.043684681446411
2007-12-01,TNm,2.081828312649208,1.043735359779414
2008-03-01,TNm,1.3750322061191635,1.0438535810781941
2008-06-01,TNm,0.8470209339774577,1.0441576612338037
2008-09-01,TNm,0.16622109234049542,1.0447309893819485
2008-12-01,TNm,-0.87634018551929,1.0456416585500068
2009-03-01,TNm,1.54133655394525,1.0469384538587982
2009-06-01,TNm,1.0046296296296315,1.048630115729922
2009-09-01,TNm,1.8805068066262098,1.0506792385716985
2009-12-01,TNm,-1.278562407741512,1.0530462083406988
2010-03-01,TNm,-0.17931561996779344,1.0556800440806677
2010-06-01,TNm,1.1785426731078914,1.0585678397931828
2010-09-01,TNm,0.056330982450385925,1.0617256298865114
2010-12-01,TNm,-0.1618957410748456,1.0651614222047878
2011-03-01,TNm,1.9348148148148159,1.0688709367571614
2011-06-01,TNm,0.11332528180354373,1.0728549092931197
2011-09-01,TNm,1.8266606527800562,1.0771119341868758
2011-12-01,TNm,0.7444656752865708,1.0816432860423488
2012-03-01,TNm,1.2315539452495976,1.0864774331004434
2012-06-01,TNm,0.7894122383252835,1.0916795897435392
2012-09-01,TNm,0.38160570772511093,1.0973358034664198
2012-12-01,TNm,0.14810425892515444,1.103505693511173
2013-03-01,TNm,-1.0347504025764893,1.1102415019168494
2013-06-01,TNm,1.2796296296296301,1.1175948618658453
2013-09-01,TNm,1.0651221912415938,1.1256186810900317
2013-12-01,TNm,3.3114375922584878,1.1343632161728334
2014-03-01,TNm,2.135901771336555,1.1438823584060795
2014-06-01,TNm,1.0502818035426742,1.154236325475612
2014-09-01,TNm,2.814572740692144,1.1720226680338506
2014-12-01,TNm,0.5603264811473767,1.191139483965761
2015-03-01,TNm,0.1772061191626415,1.2113737075930742
2015-06-01,TNm,1.081803542673109,1.232468590415201
2015-09-01,TNm,1.0761112022306047,1.2542058320075555
2015-12-01,TNm,3.337872268693164,1.276421438733064
2016-03-01,TNm,-0.0054025764895326844,1.2989981888146023
2016-06-01,TNm,1.081803542673109,1.321851186663178
2016-09-01,TNm,0.6574298835492876,1.3449231507969572
2016-12-01,TNm,0.68365981448071,1.3681751818762995
2017-03-01,TNm,1.2848148148148155,1.3915808963080203
2017-06-01,TNm,1.5209339774557176,1.4151221759498303
2017-09-01,TNm,1.2112760373954412,1.4387854500238533
2017-12-01,TNm,0.7981042589251546,1.4625598052891642
2018-03-01,TNm,1.9641626409017716,1.486436749660555
2018-06-01,TNm,2.5470209339774588,1.510409916196662
2018-09-01,TNm,0.9684188945382974,1.534472989613847
2018-12-01,TNm,1.7947709255918212,1.5586191427151248
2019-03-01,TNm,1.0739452495974238,1.5828428000123345
2019-06-01,TNm,1.7285426731078903,1.6071391971658149
2019-09-01,TNm,1.1046826308020332,1.631504770340503
2019-12-01,TNm,2.829081059901956,1.6559366755314417
2020-03-01,TNm,0.82829307568438,1.6804327935199952
2020-06-01,TNm,1.6241948470209362,1.7049904621607865
2020-09-01,TNm,1.7365507626701664,1.7296082010137661
2020-12-01,TNm,1.5803264811473765,1.7542852501194108
2021-03-01,TNm,-0.6858373590982279,1.779021237937604
2021-06-01,TNm,1.638325281803544,1.803817005223935
2021-09-01,TNm,0.986001312120715,1.8286765204023756
2021-12-01,TNm,2.2181042589251545,1.8536048310131445
2022-03-01,TNm,1.222858293075685,1.878607766858041
2022-06-01,TNm,1.726368760064414,1.9036909771369248
2022-09-01,TNm,2.3530342791536825,1.9288606563036494
2022-12-01,TNm,1.9314375922584879,1.9541230576537443
2023-03-01,TNm,1.0185104669887286,1.9794837557070866
2023-06-01,TNm,1.8470209339774577,2.004948335575556
2023-09-01,TNm,3.325561751681155,2.0305234440453255
2023-12-01,TNm,3.4961140269349227,2.056215558783526
2024-03-01,TNm,3.081553945249599,2.08202881742413
2024-06-01,TNm,1.7176731078904997,2.107964558659728
2024-09-01,TNm,1.825561751681155,2.134022387772
2024-12-01,TNm,1.5681042589251541,2.16020221080388
2025-03-01,TNm,1.8674235104669892,2.186504692366147
2025-06-01,TNm,2.458977455716587,2.2129315284019047
2025-09-01,TNm,2.5860013121207164,2.2394849464679387
2025-12-01,TNm,3.181437592258488,2.266166750086922
2026-03-01,TNm,2.50438003220612,2.2929777583001316
2026-06-01,TNm,3.255716586151369,2.3199171912673924
1892-03-01,TXx,3.5474074074074053,-0.5391494843671505
1892-06-01,TXx,1.8333333333333321,-0.5484712377831036
1892-09-01,TXx,-1.7567164179104502,-0.5577848245126202
1892-12-01,TXx,-0.1813432835820894,-0.5671072350126399
1893-03-01,TXx,-0.2525925925925918,-0.5764550932454536
1893-06-01,TXx,1.2333333333333307,-0.585845639089929
1893-09-01,TXx,-2.0567164179104473,-0.5952977739631818
1893-12-01,TXx,-1.1813432835820894,-0.6048330447355006
1894-03-01,TXx,-0.052592592592592524,-0.614471752743232
1894-06-01,TXx,-1.6666666666666679,-0.6242333682865516
1894-09-01,TXx,-3.5567164179104473,-0.6341378474644934
1894-12-01,TXx,-3.781343283582089,-0.644203155487917
1895-03-01,TXx,0.14740740740740677,-0.6544420038431513
1895-06-01,TXx,-2.466666666666665,-0.6648620482677038
1895-09-01,TXx,2.3432835820895512,-0.6754700081249884
1895-12-01,TXx,-0.28134328358208904,-0.6862710397759366
1896-03-01,TXx,-5.252592592592592,-0.6972731737877036
1896-06-01,TXx,-2.866666666666667,-0.7084840635904753
1896-09-01,TXx,-3.25671641791045,-0.719904522657629
1896-12-01,TXx,0.11865671641791131,-0.7315294369994494
1897-03-01,TXx,-1.2525925925925918,-0.7433487075804687
1897-06-01,TXx,-2.966666666666665,-0.755350576222484
1897-09-01,TXx,-2.856716417910448,-0.7675203172371055
1897-12-01,TXx,-1.48134328358209,-0.7798374164441275
1898-03-01,TXx,-2.8525925925925932,-0.792275030389259
1898-06-01,TXx,0.6333333333333364,-0.8048006758440573
1898-09-01,TXx,4.0432835820895505,-0.8173753697874718
1898-12-01,TXx,4.218656716417909,-0.8299579920600418
1899-03-01,TXx,-3.8525925925925932,-0.8425107835482503
1899-06-01,TXx,-1.466666666666665,-0.8549986849756547
1899-09-01,TXx,2.3432835820895512,-0.8673796399188478
1899-12-01,TXx,3.01865671641791,-0.8796053193825805
1900-03-01,TXx,-0.45259259259259466,-0.8916268557331065
1900-06-01,TXx,0.43333333333333357,-0.9033962302637928
1900-09-01,TXx,-0.05671641791044735,-0.914861957050137
1900-12-01,TXx,-1.1813432835820894,-0.9259684466877206
1901-03-01,TXx,0.4474074074074075,-0.9366544515598043
1901-06-01,TXx,-0.5666666666666664,-0.9468505059953148
1901-09-01,TXx,-1.9567164179104495,-0.9564792996796878
1901-12-01,TXx,-0.9813432835820901,-0.965452292577878
1902-03-01,TXx,-2.0525925925925925,-0.9736645687883008
1902-06-01,TXx,-3.466666666666665,-0.9809928226900488
1902-09-01,TXx,-1.1567164179104488,-0.9872911584288103
1902-12-01,TXx,0.01865671641790989,-0.9923899833239586
1903-03-01,TXx,2.0474074074074053,-0.9961128853560006
1903-06-01,TXx,-2.866666666666667,-0.9983171267963546
1903-09-01,TXx,2.9432835820895527,-0.9989733402799665
1903-12-01,TXx,-3.98134328358209,-0.9982969464926931
1904-03-01,TXx,2.0474074074074053,-0.9969777596955601
1904-06-01,TXx,0.33333333333333215,-0.999063042366077
1904-09-01,TXx,-2.75671641791045,-1.001346702482473
1904-12-01,TXx,-2.3813432835820887,-1.0039717955672496
1905-03-01,TXx,-1.152592592592594,-1.007124083830131
1905-06-01,TXx,-3.0666666666666664,-1.0109624549948124
1905-09-01,TXx,-2.1567164179104488,-1.0155683974281355
1905-12-01,TXx,-1.98134328358209,-1.0209570118411353
1906-03-01,TXx,-2.152592592592594,-1.0271134125416572
1906-06-01,TXx,-2.0666666666666664,-1.0339768275294445
1906-09-01,TXx,4.643283582089552,-1.0413636483469537
1906-12-01,TXx,-3.1813432835820894,-1.049053775002384
1907-03-01,TXx,1.1474074074074068,-1.0568977577780243
1907-06-01,TXx,-4.666666666666668,-1.0647926070692606
1907-09-01,TXx,-0.6567164179104488,-1.0726370330341368
1907-12-01,TXx,-1.5813432835820898,-1.0802908510037346
1908-03-01,TXx,-1.3525925925925932,-1.0874433177302216
1908-06-01,TXx,-2.666666666666668,-1.093699219382189
1908-09-01,TXx,-1.0567164179104473,-1.0987722631729153
1908-12-01,TXx,-3.5813432835820898,-1.1025166054630828
1909-03-01,TXx,1.4474074074074075,-1.1048666931437525
1909-06-01,TXx,-3.166666666666668,-1.1057155068907658
1909-09-01,TXx,-3.5567164179104473,-1.1049173281949414
1909-12-01,TXx,-1.98134328358209,-1.1023179006011603
1910-03-01,TXx,-0.5525925925925925,-1.0977886660592204
1910-06-01,TXx,-4.366666666666667,-1.0912239709242673
1910-09-01,TXx,-2.4567164179104495,-1.0825559850602307
1910-12-01,TXx,-2.0813432835820898,-1.071833363759133
1911-03-01,TXx,-1.4525925925925947,-1.0591454443530068
1911-06-01,TXx,2.7333333333333307,-1.0445663544806232
1911-09-01,TXx,5.0432835820895505,-1.0282210452801084
1911-12-01,TXx,1.1186567164179113,-1.0102802835707547
1912-03-01,TXx,2.0474074074074053,-0.9909103864364934
1912-06-01,TXx,-0.06666666666666643,-0.9702706061103071
1912-09-01,TXx,-8.856716417910448,-0.9485229149039965
1912-12-01,TXx,-1.3813432835820887,-0.9258465376645973
1913-03-01,TXx,1.347407407407406,-0.9024242035419817
1913-06-01,TXx,-3.0666666666666664,-0.8784469065779301
1913-09-01,TXx,-4.556716417910447,-0.8540375563205717
1913-12-01,TXx,0.41865671641791025,-0.8292754822965706
1914-03-01,TXx,0.14740740740740677,-0.8042984080377873
1914-06-01,TXx,-2.5666666666666664,-0.7792427249257745
1914-09-01,TXx,-0.35671641791044806,-0.754288535134129
1914-12-01,TXx,0.41865671641791025,-0.7296650067795919
1915-03-01,TXx,-0.7525925925925918,-0.7055540569440606
1915-06-01,TXx,0.8333333333333321,-0.682105914725722
1915-09-01,TXx,-1.0567164179104473,-0.659458207848061
1915-12-01,TXx,0.6186567164179113,-0.637779655755351
1916-03-01,TXx,-0.45259259259259466,-0.6171871849086099
1916-06-01,TXx,-3.466666666666665,-0.5977802215773222
1916-09-01,TXx,-3.356716417910448,-0.5795745826221266
1916-12-01,TXx,-1.281343283582089,-0.5624782242873472
1917-03-01,TXx,1.2474074074074082,-0.5463604637220622
1917-06-01,TXx,-1.6666666666666679,-0.5311470269484586
1917-09-01,TXx,-0.4567164179104495,-0.5167377255651152
1917-12-01,TXx,-1.281343283582089,-0.5029992213682635
1918-03-01,TXx,3.347407407407406,-0.48972462883209195
1918-06-01,TXx,0.43333333333333357,-0.4767497279792529
1918-09-01,TXx,-1.5567164179104473,-0.46402333022939757
1918-12-01,TXx,-0.3813432835820887,-0.4515433858580281
1919-03-01,TXx,-1.2525925925925918,-0.439260084482682
1919-06-01,TXx,-0.5666666666666664,-0.42716622634992524
1919-09-01,TXx,4.643283582089552,-0.415221667563504
1919-12-01,TXx,2.6186567164179113,-0.4034637013286189
1920-03-01,TXx,-1.9525925925925947,-0.39200345420835997
1920-06-01,TXx,-4.566666666666666,-0.3809346337225542
1920-09-01,TXx,-2.5567164179104473,-0.3702625232335552
1920-12-01,TXx,0.6186567164179113,-0.3599055587986461
1921-03-01,TXx,1.7474074074074082,-0.34975702028761585
1921-06-01,TXx,2.6333333333333364,-0.33972936862891107
1921-09-01,TXx,1.8432835820895512,-0.32971539904857133
1921-12-01,TXx,2.1186567164179113,-0.31962942846508063
1922-03-01,TXx,5.947407407407404,-0.3094788184118581
1922-06-01,TXx,-3.666666666666668,-0.2993422156300108
1922-09-01,TXx,-3.356716417910448,-0.2893156937535986
1922-12-01,TXx,-2.281343283582089,-0.2795223075792102
1923-03-01,TXx,0.9474074074074075,-0.2700654152188939
1923-06-01,TXx,1.4333333333333336,-0.2611025499982351
1923-09-01,TXx,1.143283582089552,-0.2528962663573311
1923-12-01,TXx,-1.98134328358209,-0.24569557300221725
1924-03-01,TXx,0.9474074074074075,-0.23963598825418375
1924-06-01,TXx,-1.7666666666666657,-0.23476692316692482
1924-09-01,TXx,-2.5567164179104473,-0.2310671388247223
1924-12-01,TXx,-2.281343283582089,-0.22846060200693313
1925-03-01,TXx,1.6474074074074068,-0.22691383983273947
1925-06-01,TXx,1.1333333333333364,-0.2263794713358846
1925-09-01,TXx,-5.4567164179104495,-0.22673113388316407
1925-12-01,TXx,0.41865671641791025,-0.2278682300983374
1926-03-01,TXx,-2.252592592592592,-0.229730750361317
1926-06-01,TXx,-2.366666666666667,-0.23225101755287977
1926-09-01,TXx,3.0432835820895505,-0.2353322372675942
1926-12-01,TXx,0.11865671641791131,-0.23889132725674392
1927-03-01,TXx,-2.252592592592592,-0.24285870267251652
1927-06-01,TXx,-1.7666666666666657,-0.24716038618718011
1927-09-01,TXx,-1.4567164179104495,-0.25172751544159355
1927-12-01,TXx,0.9186567164179102,-0.25644928186998917
1928-03-01,TXx,-0.15259259259259395,-0.2611628448067777
1928-06-01,TXx,1.033333333333335,-0.26565112304001043
1928-09-01,TXx,2.24328358208955,-0.26971183776518015
1928-12-01,TXx,-4.181343283582089,-0.27324859371772153
1929-03-01,TXx,1.847407407407406,-0.2761970505275633
1929-06-01,TXx,1.2333333333333307,-0.2785243150153982
1929-09-01,TXx,6.643283582089548,-0.28024720157805183
1929-12-01,TXx,0.21865671641791096,-0.28138838468553273
1930-03-01,TXx,-1.8525925925925932,-0.2820164873849709
1930-06-01,TXx,0.03333333333333499,-0.28222949711104683
1930-09-01,TXx,-0.8567164179104481,-0.2820499451764322
1930-12-01,TXx,-3.1813432835820894,-0.281455449386131
1931-03-01,TXx,0.6474074074074068,-0.28039307816779774
1931-06-01,TXx,-2.366666666666667,-0.2788148804792532
1931-09-01,TXx,-4.356716417910448,-0.2766877350344506
1931-12-01,TXx,-0.4813432835820901,-0.2739848581676261
1932-03-01,TXx,1.6474074074074068,-0.270580944161447
1932-06-01,TXx,3.1333333333333364,-0.2663227460150336
1932-09-01,TXx,-0.4567164179104495,-0.26104209343252727
1932-12-01,TXx,0.3186567164179106,-0.25470969663588117
1933-03-01,TXx,-1.2525925925925918,-0.24747349634580823
1933-06-01,TXx,1.033333333333335,-0.2395374359560697
1933-09-01,TXx,-2.0567164179104473,-0.23105800651527797
1933-12-01,TXx,-2.3813432835820887,-0.2221527934614111
1934-03-01,TXx,0.2474074074074082,-0.2129326611391304
1934-06-01,TXx,-0.06666666666666643,-0.2034813797815926
1934-09-01,TXx,3.8432835820895512,-0.19381557702391922
1934-12-01,TXx,0.3186567164179106,-0.18400110310312406
1935-03-01,TXx,-2.9525925925925947,-0.17418688466692908
1935-06-01,TXx,-1.2666666666666657,-0.16453516933247228
1935-09-01,TXx,-0.15671641791044877,-0.15508771410274594
1935-12-01,TXx,-0.5813432835820898,-0.1457379261831968
1936-03-01,TXx,-2.252592592592592,-0.13631181005644818
1936-06-01,TXx,-1.1666666666666679,-0.12669434569001034
1936-09-01,TXx,1.8432835820895512,-0.11678829600440582
1936-12-01,TXx,-0.3813432835820887,-0.10651011014829452
1937-03-01,TXx,2.1474074074074068,-0.09581454126424382
1937-06-01,TXx,-0.6666666666666679,-0.08466101030001619
1937-09-01,TXx,0.5432835820895505,-0.07296746021088571
1937-12-01,TXx,-0.3813432835820887,-0.060587683493484784
1938-03-01,TXx,0.2474074074074082,-0.04736112740014187
1938-06-01,TXx,0.33333333333333215,-0.03311861130009792
1938-09-01,TXx,0.04328358208955052,-0.01779024892018055
1938-12-01,TXx,-0.28134328358208904,-0.0014356427383225786
1939-03-01,TXx,-1.652592592592594,0.015818676266641244
1939-06-01,TXx,-0.36666666666666714,0.03380965353603276
1939-09-01,TXx,1.143283582089552,0.05232850617699664
1939-12-01,TXx,1.1186567164179113,0.07110146275729248
1940-03-01,TXx,-0.9525925925925947,0.08983615798668179
1940-06-01,TXx,-4.166666666666668,0.10822658669180624
1940-09-01,TXx,2.643283582089552,0.12599373163922648
1940-12-01,TXx,-0.781343283582089,0.14295701689373128
1941-03-01,TXx,-4.5525925925925925,0.15892899342165204
1941-06-01,TXx,1.8333333333333321,0.1736929944475157
1941-09-01,TXx,-0.6567164179104488,0.18711291328543042
1941-12-01,TXx,-1.0813432835820898,0.1991010382494667
1942-03-01,TXx,0.6474074074074068,0.2097130548446464
1942-06-01,TXx,-0.06666666666666643,0.21911148628349383
1942-09-01,TXx,3.143283582089552,0.22750371243709386
1942-12-01,TXx,-0.1813432835820894,0.23509359327201027
1943-03-01,TXx,2.4474074074074075,0.24208042622640882
1943-06-01,TXx,0.13333333333333286,0.24860840175544907
1943-09-01,TXx,2.4432835820895527,0.2547937053965245
1943-12-01,TXx,-2.8813432835820887,0.26067792078516383
1944-03-01,TXx,5.4474074074074075,0.26618848361809233
1944-06-01,TXx,0.8333333333333321,0.2712209149806613
1944-09-01,TXx,-2.9567164179104495,0.2757045557658613
1944-12-01,TXx,-0.08134328358208975,0.27959758356795866
1945-03-01,TXx,3.347407407407406,0.2828747782148185
1945-06-01,TXx,1.8333333333333321,0.28551811850555375
1945-09-01,TXx,-0.35671641791044806,0.2874475982352205
1945-12-01,TXx,-0.8813432835820887,0.288642596293398
1946-03-01,TXx,-1.9525925925925947,0.2890665503797018
1946-06-01,TXx,-0.966666666666665,0.288666092531423
1946-09-01,TXx,-0.4567164179104495,0.287333984245161
1946-12-01,TXx,0.6186567164179113,0.2849670068251661
1947-03-01,TXx,4.147407407407407,0.28162454968859724
1947-06-01,TXx,5.233333333333331,0.2774839276811497
1947-09-01,TXx,3.143283582089552,0.2726866018148551
1947-12-01,TXx,-1.6813432835820894,0.26738115160006337
1948-03-01,TXx,-1.5525925925925925,0.2617609776530523
1948-06-01,TXx,0.43333333333333357,0.25606399172302907
1948-09-01,TXx,0.34328358208955123,0.25042584222876996
1948-12-01,TXx,2.1186567164179113,0.24486101790801035
1949-03-01,TXx,0.5474074074074053,0.23935300716454072
1949-06-01,TXx,1.4333333333333336,0.23388793574462824
1949-09-01,TXx,5.5432835820895505,0.22839046341658562
1949-12-01,TXx,3.1186567164179113,0.22275852850595262
1950-03-01,TXx,-0.7525925925925918,0.2169147977040637
1950-06-01,TXx,-1.5666666666666664,0.21075959084598264
1950-09-01,TXx,-4.656716417910449,0.20412287777813648
1950-12-01,TXx,-2.5813432835820898,0.19680121776172782
1951-03-01,TXx,-0.8525925925925932,0.1886828403688376
1951-06-01,TXx,-2.866666666666667,0.17967103274376534
1951-09-01,TXx,0.8432835820895512,0.16966560358042265
1951-12-01,TXx,-2.1813432835820894,0.15857308617799168
1952-03-01,TXx,-0.8525925925925932,0.14637201756314666
1952-06-01,TXx,3.533333333333335,0.13316797008121017
1952-09-01,TXx,-3.5567164179104473,0.11912509482762768
1952-12-01,TXx,0.5186567164179099,0.10440908424729423
1953-03-01,TXx,2.9474074074074075,0.08927150209786867
1953-06-01,TXx,-0.7666666666666657,0.07392701289013807
1953-09-01,TXx,-0.15671641791044877,0.05847290197526909
1953-12-01,TXx,1.718656716417911,0.04293235135001154
1954-03-01,TXx,3.0474074074074053,0.027293185407242827
1954-06-01,TXx,-1.5666666666666664,0.011531319645847048
1954-09-01,TXx,1.3432835820895512,-0.00438790609637942
1954-12-01,TXx,-0.6813432835820894,-0.020506985355762678
1955-03-01,TXx,-0.7525925925925918,-0.036840888768923045
1955-06-01,TXx,-1.3666666666666671,-0.053385531890915154
1955-09-01,TXx,-0.9567164179104495,-0.07008748417813138
1955-12-01,TXx,-0.8813432835820887,-0.08686638673871618
1956-03-01,TXx,1.7474074074074082,-0.10362505840331951
1956-06-01,TXx,-2.166666666666668,-0.12031659642828743
1956-09-01,TXx,-1.1567164179104488,-0.13681207755725386
1956-12-01,TXx,0.21865671641791096,-0.15293366212573875
1957-03-01,TXx,-4.952592592592595,-0.1685680202769023
1957-06-01,TXx,2.833333333333332,-0.18363725487386157
1957-09-01,TXx,-1.856716417910448,-0.19795772756392016
1957-12-01,TXx,1.718656716417911,-0.2113283508274722
1958-03-01,TXx,-4.252592592592592,-0.22357696748623274
1958-06-01,TXx,-2.7666666666666657,-0.2346198666583584
1958-09-01,TXx,2.3432835820895512,-0.24448503443925518
1958-12-01,TXx,3.918656716417912,-0.2532931227436566
1959-03-01,TXx,-0.652592592592594,-0.26125865974305207
1959-06-01,TXx,3.333333333333332,-0.2686606875339976
1959-09-01,TXx,3.0432835820895505,-0.2757161977514157
1959-12-01,TXx,5.418656716417912,-0.2825725767102405
1960-03-01,TXx,-1.152592592592594,-0.28935010069894734
1960-06-01,TXx,-2.0666666666666664,-0.29622032847504387
1960-09-01,TXx,-1.2567164179104502,-0.30343163469197004
1960-12-01,TXx,3.418656716417912,-0.3112307832532698
1961-03-01,TXx,-4.752592592592592,-0.3199042406065784
1961-06-01,TXx,-0.5666666666666664,-0.3297380583150408
1961-09-01,TXx,2.5432835820895505,-0.34099165271060305
1961-12-01,TXx,0.21865671641791096,-0.3538288388194401
1962-03-01,TXx,-3.9525925925925947,-0.36820116169949224
1962-06-01,TXx,-5.266666666666666,-0.38392775331797946
1962-09-01,TXx,2.8432835820895512,-0.400791084982564
1962-12-01,TXx,-2.98134328358209,-0.4185519411720493
1963-03-01,TXx,-0.7525925925925918,-0.43700186762054866
1963-06-01,TXx,-2.7666666666666657,-0.45595980118124874
1963-09-01,TXx,-0.9567164179104495,-0.47528827635795035
1963-12-01,TXx,1.718656716417911,-0.4948520913094583
1964-03-01,TXx,0.7474074074074082,-0.5145486552210378
1964-06-01,TXx,1.7333333333333307,-0.534300244003411
1964-09-01,TXx,2.143283582089552,-0.5539785673455311
1964-12-01,TXx,-2.1813432835820894,-0.5733963450674562
1965-03-01,TXx,-0.5525925925925925,-0.5925046443924703
1965-06-01,TXx,-4.866666666666667,-0.6113086986285783
1965-09-01,TXx,-1.9567164179104495,-0.629796713629134
1965-12-01,TXx,0.6186567164179113,-0.6479936983803286
1966-03-01,TXx,-0.35259259259259323,-0.6659716378308018
1966-06-01,TXx,-0.8666666666666671,-0.6837433447909744
1966-09-01,TXx,-1.0567164179104473,-0.7012407877636068
1966-12-01,TXx,-0.08134328358208975,-0.7183933907815538
1967-03-01,TXx,0.2474074074074082,-0.7351280722553744
1967-06-01,TXx,0.13333333333333286,-0.7513359423884168
1967-09-01,TXx,-0.4567164179104495,-0.7668954290284654
1967-12-01,TXx,-1.6813432835820894,-0.781725454178661
1968-03-01,TXx,0.4474074074074075,-0.7957231009270641
1968-06-01,TXx,0.7333333333333307,-0.8087818582231477
1968-09-01,TXx,-0.4567164179104495,-0.8208027280346946
1968-12-01,TXx,-1.98134328358209,-0.8317239589275319
1969-03-01,TXx,3.247407407407408,-0.841490766810506
1969-06-01,TXx,-1.1666666666666679,-0.8500532201641654
1969-09-01,TXx,-0.2567164179104502,-0.8574165385972544
1969-12-01,TXx,-1.98134328358209,-0.863590359611265
1970-03-01,TXx,-3.152592592592594,-0.86860877817839
1970-06-01,TXx,-2.2666666666666657,-0.8725068513203487
1970-09-01,TXx,-1.7567164179104502,-0.8753988815514668
1970-12-01,TXx,-2.48134328358209,-0.8774794028710138
1971-03-01,TXx,0.34740740740740605,-0.8789257891817399
1971-06-01,TXx,-1.7666666666666657,-0.8799095337173061
1971-09-01,TXx,-2.25671641791045,-0.8806736709880083
1971-12-01,TXx,-0.5813432835820898,-0.8814190941963058
1972-03-01,TXx,-3.9525925925925947,-0.8822666809584664
1972-06-01,TXx,0.23333333333333428,-0.8832362058759284
1972-09-01,TXx,-4.25671641791045,-0.8843466712241302
1972-12-01,TXx,-2.1813432835820894,-0.885597190235438
1973-03-01,TXx,-2.652592592592594,-0.886929576428375
1973-06-01,TXx,-0.6666666666666679,-0.8881929008025672
1973-09-01,TXx,3.3432835820895512,-0.8892341676064343
1973-12-01,TXx,-0.6813432835820894,-0.8899264667080817
1974-03-01,TXx,-2.9525925925925947,-0.8900844400791026
1974-06-01,TXx,-1.5666666666666664,-0.889478034262821
1974-09-01,TXx,0.34328358208955123,-0.8879106855875515
1974-12-01,TXx,-0.08134328358208975,-0.8852430812236787
1975-03-01,TXx,-3.652592592592594,-0.8813638616146132
1975-06-01,TXx,2.1333333333333364,-0.8762322388343134
1975-09-01,TXx,-3.4567164179104495,-0.8698668660969817
1975-12-01,TXx,0.21865671641791096,-0.8623611225934907
1976-03-01,TXx,3.5474074074074053,-0.8538097546625444
1976-06-01,TXx,3.1333333333333364,-0.844284397111898
1976-09-01,TXx,-3.6567164179104488,-0.8338770969256291
1976-12-01,TXx,-1.1813432835820894,-0.8226953176052344
1977-03-01,TXx,-0.7525925925925918,-0.8107963107258949
1977-06-01,TXx,-1.966666666666665,-0.7982040189664188
1977-09-01,TXx,-3.5567164179104473,-0.7848739049650806
1977-12-01,TXx,1.01865671641791,-0.7707466780226019
1978-03-01,TXx,0.047407407407405344,-0.7557673075158151
1978-06-01,TXx,-0.466666666666665,-0.7398375745503581
1978-09-01,TXx,-3.0567164179104473,-0.7228603442139077
1978-12-01,TXx,0.6186567164179113,-0.7047455309068611
1979-03-01,TXx,0.5474074074074053,-0.6854601978348406
1979-06-01,TXx,-3.166666666666668,-0.6650105701042811
1979-09-01,TXx,1.643283582089552,-0.6434774393252372
1979-12-01,TXx,-0.5813432835820898,-0.6209473104104567
1980-03-01,TXx,-2.752592592592592,-0.5975064301346888
1980-06-01,TXx,-1.6666666666666679,-0.5732420619839939
1980-09-01,TXx,-0.2567164179104502,-0.5482009904134014
1980-12-01,TXx,-1.48134328358209,-0.5224404053514337
1981-03-01,TXx,1.6474074074074068,-0.49606318330215815
1981-06-01,TXx,-1.8666666666666671,-0.4692003071936255
1981-09-01,TXx,-0.4567164179104495,-0.44193805632109767
1981-12-01,TXx,-0.781343283582089,-0.41437431408732006
1982-03-01,TXx,0.047407407407405344,-0.3866057375081196
1982-06-01,TXx,0.03333333333333499,-0.3587554923361977
1982-09-01,TXx,1.4432835820895527,-0.33099761160605184
1982-12-01,TXx,-1.281343283582089,-0.3034922606881936
1983-03-01,TXx,-3.152592592592594,-0.2764516927741837
1983-06-01,TXx,0.33333333333333215,-0.2500708142145313
1983-09-01,TXx,-0.7567164179104502,-0.22444525648149005
1983-12-01,TXx,-0.781343283582089,-0.19959391620747458
1984-03-01,TXx,-3.3525925925925932,-0.17552951625274643
1984-06-01,TXx,1.4333333333333336,-0.1522306888874914
1984-09-01,TXx,1.2432835820895498,-0.12964541689335923
1984-12-01,TXx,-0.1813432835820894,-0.10769677275808238
1985-03-01,TXx,2.6474074074074068,-0.0864105631425047
1985-06-01,TXx,-1.8666666666666671,-0.06582653599361069
1985-09-01,TXx,0.6432835820895519,-0.04600673498233321
1985-12-01,TXx,0.41865671641791025,-0.027002977573786884
1986-03-01,TXx,0.34740740740740605,-0.008804546211240995
1986-06-01,TXx,2.4333333333333336,0.008682883480683854
1986-09-01,TXx,-2.356716417910448,0.025593782404759634
1986-12-01,TXx,-1.0813432835820898,0.04203432190141371
1987-03-01,TXx,-1.7525925925925918,0.058057306639167985
1987-06-01,TXx,-1.0666666666666664,0.07370916966088947
1987-09-01,TXx,1.143283582089552,0.08902463188238635
1987-12-01,TXx,0.3186567164179106,0.10403608847717528
1988-03-01,TXx,-1.0525925925925925,0.11874054500820161
1988-06-01,TXx,-3.166666666666668,0.13311934951005688
1988-09-01,TXx,-1.856716417910448,0.1472388791990511
1988-12-01,TXx,-0.28134328358208904,0.1612448382660557
1989-03-01,TXx,2.347407407407406,0.17525467154873015
1989-06-01,TXx,4.133333333333336,0.18937815790526008
1989-09-01,TXx,1.143283582089552,0.20369661234717368
1989-12-01,TXx,4.118656716417911,0.21823799824574505
1990-03-01,TXx,1.2474074074074082,0.23293932664666567
1990-06-01,TXx,3.7333333333333307,0.2477315028251342
1990-09-01,TXx,-0.4567164179104495,0.2625305314474949
1990-12-01,TXx,2.418656716417912,0.27723059183765447
1991-03-01,TXx,-2.4525925925925947,0.2916526966822668
1991-06-01,TXx,1.2333333333333307,0.3056707522783384
1991-09-01,TXx,2.24328358208955,0.31922898402096744
1991-12-01,TXx,2.6186567164179113,0.3322972910163192
1992-03-01,TXx,3.9474074074074075,0.3449275886505513
1992-06-01,TXx,0.13333333333333286,0.3571861834853252
1992-09-01,TXx,-0.35671641791044806,0.3690283746549821
1992-12-01,TXx,0.6186567164179113,0.3803394869440844
1993-03-01,TXx,0.9474074074074075,0.39099967533636026
1993-06-01,TXx,-1.7666666666666657,0.4008929486260349
1993-09-01,TXx,-0.7567164179104502,0.41001460392670147
1993-12-01,TXx,-1.281343283582089,0.4183878887852634
1994-03-01,TXx,-2.9525925925925947,0.4260422121515736
1994-06-01,TXx,2.333333333333332,0.4329348426626309
1994-09-01,TXx,-4.4567164179104495,0.43902966338271615
1994-12-01,TXx,-0.1813432835820894,0.44438881265388797
1995-03-01,TXx,0.4474074074074075,0.4491868020809436
1995-06-01,TXx,2.4333333333333336,0.45361711022203216
1995-09-01,TXx,-1.4567164179104495,0.4578276526675026
1995-12-01,TXx,-0.3813432835820887,0.46189651883010674
1996-03-01,TXx,1.2474074074074082,0.4658177334904252
1996-06-01,TXx,1.3333333333333321,0.46958656438236507
1996-09-01,TXx,-4.556716417910447,0.4731358294041544
1996-12-01,TXx,1.718656716417911,0.4763879611447541
1997-03-01,TXx,0.6474074074074068,0.4793009888036316
1997-06-01,TXx,0.33333333333333215,0.48180733557975824
1997-09-01,TXx,-1.6567164179104488,0.4838966687783027
1997-12-01,TXx,3.01865671641791,0.48560126950527266
1998-03-01,TXx,4.647407407407407,0.48701155953471703
1998-06-01,TXx,1.9333333333333336,0.48819923591216885
1998-09-01,TXx,-2.9567164179104495,0.48924393662687327
1998-12-01,TXx,0.3186567164179106,0.49030326962787096
1999-03-01,TXx,3.1474074074074068,0.49150194469858977
1999-06-01,TXx,-0.8666666666666671,0.49293854515155894
1999-09-01,TXx,2.9432835820895527,0.4947205351830294
1999-12-01,TXx,0.11865671641791131,0.4969975413303321
2000-03-01,TXx,1.4474074074074075,0.4999732804739834
2000-06-01,TXx,0.23333333333333428,0.5038399141247986
2000-09-01,TXx,-0.15671641791044877,0.5087683701958924
2000-12-01,TXx,1.6186567164179113,0.5148756439999638
2001-03-01,TXx,-0.45259259259259466,0.522193101928983
2001-06-01,TXx,1.1333333333333364,0.530622715723766
2001-09-01,TXx,-1.356716417910448,0.5399838423971565
2001-12-01,TXx,1.1186567164179113,0.550138106716488
2002-03-01,TXx,-1.652592592592594,0.56100443181494
2002-06-01,TXx,0.6333333333333364,0.5724919638712368
2002-09-01,TXx,-3.356716417910448,0.5844756598768578
2002-12-01,TXx,2.218656716417909,0.5968535177216199
2003-03-01,TXx,0.9474074074074075,0.609493564943123
2003-06-01,TXx,2.2333333333333307,0.6222261203721671
2003-09-01,TXx,3.24328358208955,0.6348001756860661
2003-12-01,TXx,2.3186567164179106,0.6469544015088925
2004-03-01,TXx,-2.3525925925925932,0.6583722226290954
2004-06-01,TXx,-1.3666666666666671,0.6688055924854238
2004-09-01,TXx,0.5432835820895505,0.6781159012693719
2004-12-01,TXx,-0.5813432835820898,0.6862547105735508
2005-03-01,TXx,5.347407407407406,0.6932861302001612
2005-06-01,TXx,1.3333333333333321,0.6993591316254787
2005-09-01,TXx,2.8432835820895512,0.7047044741746358
2005-12-01,TXx,-3.5813432835820898,0.7095343157948418
2006-03-01,TXx,-0.5525925925925925,0.7140135914101777
2006-06-01,TXx,4.633333333333336,0.7182817331995375
2006-09-01,TXx,3.3432835820895512,0.7224786095324832
2006-12-01,TXx,2.01865671641791,0.7267863564179003
2007-03-01,TXx,2.347407407407406,0.7313071597881706
2007-06-01,TXx,-0.6666666666666679,0.7361524181312317
2007-09-01,TXx,-4.156716417910449,0.741418170624609
2007-12-01,TXx,2.918656716417912,0.7473161076112855
2008-03-01,TXx,0.4474074074074075,0.7540377460901255
2008-06-01,TXx,-0.5666666666666664,0.7617253064384718
2008-09-01,TXx,1.0432835820895505,0.7705097770173596
2008-12-01,TXx,-2.5813432835820898,0.7805767118776337
2009-03-01,TXx,0.6474074074074068,0.7921124591314002
2009-06-01,TXx,1.8333333333333321,0.8052895466608457
2009-09-01,TXx,2.74328358208955,0.8201593522063362
2009-12-01,TXx,-1.781343283582089,0.8366175904381667
2010-03-01,TXx,-0.45259259259259466,0.8544469316971659
2010-06-01,TXx,2.333333333333332,0.8734185240699087
2010-09-01,TXx,-2.4567164179104495,0.893382905008373
2010-12-01,TXx,-0.9813432835820901,0.9143037159059283
2011-03-01,TXx,1.9474074074074075,0.9361479190437296
2011-06-01,TXx,2.6333333333333364,0.9588473109867405
2011-09-01,TXx,3.5432835820895505,0.9822886893514075
2011-12-01,TXx,-0.5813432835820898,1.0063216288567913
2012-03-01,TXx,2.247407407407408,1.0308783890801112
2012-06-01,TXx,3.4333333333333336,1.055910104899466
2012-09-01,TXx,2.9432835820895527,1.081336102928108
2012-12-01,TXx,-0.28134328358208904,1.1070658558867734
2013-03-01,TXx,-2.152592592592594,1.1330644379277564
2013-06-01,TXx,2.333333333333332,1.159364064074044
2013-09-01,TXx,5.443283582089553,1.1860109196403303
2013-12-01,TXx,-0.3813432835820887,1.2130905646823478
2014-03-01,TXx,-0.9525925925925947,1.240695086189202
2014-06-01,TXx,1.3333333333333321,1.268966788126341
2014-09-01,TXx,-0.4567164179104495,1.3049507924701351
2014-12-01,TXx,-0.6813432835820894,1.3416491415567178
2015-03-01,TXx,-1.152592592592594,1.379220353709687
2015-06-01,TXx,2.9333333333333336,1.4176166980086882
2015-09-01,TXx,-5.056716417910447,1.4567290875721548
2015-12-01,TXx,1.8186567164179106,1.4964459654133782
2016-03-01,TXx,-0.45259259259259466,1.5366877428880508
2016-06-01,TXx,0.9333333333333336,1.577396855156496
2016-09-01,TXx,5.0432835820895505,1.6185347009415736
2016-12-01,TXx,1.6186567164179113,1.6600731808796167
2017-03-01,TXx,4.747407407407408,1.7019849566631366
2017-06-01,TXx,0.8333333333333321,1.7442455037166134
2017-09-01,TXx,-0.4567164179104495,1.7868299535797105
2017-12-01,TXx,-0.3813432835820887,1.8297183242506274
2018-03-01,TXx,2.347407407407406,1.8728976141081164
2018-06-01,TXx,3.833333333333332,1.9163596005430337
2018-09-01,TXx,-0.05671641791044735,1.9600955923622077
2018-12-01,TXx,6.01865671641791,2.0040950445690884
2019-03-01,TXx,-1.152592592592594,2.048348572135307
2019-06-01,TXx,8.133333333333336,2.0928437504402875
2019-09-01,TXx,0.9432835820895527,2.1375698160397048
2019-12-01,TXx,2.418656716417912,2.182510702135852
2020-03-01,TXx,0.847407407407406,2.2276512876017738
2020-06-01,TXx,4.933333333333334,2.2729781965842637
2020-09-01,TXx,8.143283582089548,2.318479879203956
2020-12-01,TXx,4.51865671641791,2.364141281118946
2021-03-01,TXx,-0.7525925925925918,2.409940493478686
2021-06-01,TXx,-2.0666666666666664,2.4558542638908674
2021-09-01,TXx,1.3432835820895512,2.501865648551777
2021-12-01,TXx,0.11865671641791131,2.5479655923649416
2022-03-01,TXx,0.7474074074074082,2.5941492198358524
2022-06-01,TXx,6.533333333333335,2.6404159250752803
2022-09-01,TXx,4.74328358208955,2.6867670710704976
2022-12-01,TXx,2.1186567164179113,2.7331993944334068
2023-03-01,TXx,-1.0525925925925925,2.7797065487326695
2023-06-01,TXx,0.533333333333335,2.8262840612488667
2023-09-01,TXx,5.74328358208955,2.872933602983175
2023-12-01,TXx,2.51865671641791,2.919660169635907
2024-03-01,TXx,-0.45259259259259466,2.966465926795492
2024-06-01,TXx,1.1333333333333364,3.01335391394509
2024-09-01,TXx,5.143283582089552,3.060332592907435
2024-12-01,TXx,4.01865671641791,3.107413295208853
2025-03-01,TXx,1.4474074074074075,3.1546045951227257
2025-06-01,TXx,4.333333333333332,3.201913568471453
2025-09-01,TXx,4.143283582089552,3.2493489337312877
2025-12-01,TXx,5.618656716417911,3.296917914911454
2026-03-01,TXx,4.147407407407407,3.3446250264441533
2026-06-01,TXx,4.333333333333332,3.3924705923788387
1892-03-01,TNx,5.323703703703703,-0.6768354538680375
1892-06-01,TNx,-0.05629629629629562,-0.6732031099537447
1892-09-01,TNx,-0.48134328358208833,-0.669503584452585
1892-12-01,TNx,-1.3940298507462687,-0.6657543494231722
1893-03-01,TNx,-1.376296296296296,-0.6619736068407649
1893-06-01,TNx,0.6437037037037072,-0.6581787306030906
1893-09-01,TNx,-1.281343283582089,-0.6543866647194927
1893-12-01,TNx,-1.2940298507462682,-0.6506161896669225
1894-03-01,TNx,0.3237037037037034,-0.6468858681542771
1894-06-01,TNx,-1.9562962962962942,-0.6432138551021627
1894-09-01,TNx,-2.6813432835820894,-0.6396193404217606
1894-12-01,TNx,-4.1940298507462686,-0.636119708497397
1895-03-01,TNx,0.6237037037037041,-0.6327281835697036
1895-06-01,TNx,0.2437037037037051,-0.629452995089938
1895-09-01,TNx,0.5186567164179099,-0.6263029371591694
1895-12-01,TNx,-1.4940298507462684,-0.6232885328903557
1896-03-01,TNx,-4.676296296296297,-0.6204216322420821
1896-06-01,TNx,-1.3562962962962928,-0.6177119310160453
1896-09-01,TNx,-0.3813432835820887,-0.6151631579853689
1896-12-01,TNx,-3.094029850746269,-0.6127761746195102
1897-03-01,TNx,0.8237037037037034,-0.6105502071201613
1897-06-01,TNx,-1.256296296296295,-0.6084807946067974
1897-09-01,TNx,-1.8813432835820887,-0.6065628568678034
1897-12-01,TNx,-1.094029850746269,-0.6047890456960353
1898-03-01,TNx,-3.2762962962962963,-0.6031482757342714
1898-06-01,TNx,1.1437037037037072,-0.6016254187450248
1898-09-01,TNx,1.418656716417912,-0.6001996627356098
1898-12-01,TNx,2.5059701492537307,-0.5988488940569797
1899-03-01,TNx,-2.876296296296296,-0.5975517410282716
1899-06-01,TNx,-0.6562962962962935,-0.5962875150192531
1899-09-01,TNx,1.01865671641791,-0.5950301087780525
1899-12-01,TNx,0.4059701492537311,-0.5937489384515922
1900-03-01,TNx,-1.9762962962962956,-0.5924113006712938
1900-06-01,TNx,-0.6562962962962935,-0.5909809679424761
1900-09-01,TNx,-1.6813432835820894,-0.5894141614098333
1900-12-01,TNx,-0.49402985074626926,-0.5876587932247891
1901-03-01,TNx,0.8237037037037034,-0.585652017006748
1901-06-01,TNx,-0.3562962962962928,-0.5833200395674203
1901-09-01,TNx,1.1186567164179113,-0.5805781212019093
1901-12-01,TNx,-0.5940298507462689,-0.5773271456096745
1902-03-01,TNx,0.8237037037037034,-0.5734520005535333
1902-06-01,TNx,-1.8562962962962928,-0.5688163623501957
1902-09-01,TNx,-0.1813432835820894,-0.5632606978493623
1902-12-01,TNx,-0.9940298507462693,-0.5565980685504345
1903-03-01,TNx,1.8237037037037034,-0.5486244729798891
1903-06-01,TNx,-1.6562962962962935,-0.5391486009342243
1903-09-01,TNx,3.1186567164179113,-0.5280664554387517
1903-12-01,TNx,-1.7940298507462682,-0.5154944247439267
1904-03-01,TNx,1.9237037037037048,-0.5020097761477307
1904-06-01,TNx,0.3437037037037065,-0.49437459216008955
1904-09-01,TNx,-2.9813432835820883,-0.4871707318439099
1904-12-01,TNx,-1.3940298507462687,-0.48048783446021015
1905-03-01,TNx,-0.9762962962962956,-0.4744115464808684
1905-06-01,TNx,-1.5562962962962956,-0.4690085838223777
1905-09-01,TNx,0.7186567164179127,-0.46428895809973497
1905-12-01,TNx,-0.7940298507462682,-0.4602349819067188
1906-03-01,TNx,-0.7762962962962963,-0.45684195210577205
1906-06-01,TNx,-1.4562962962962942,-0.45408572724601665
1906-09-01,TNx,1.01865671641791,-0.4518820319390254
1906-12-01,TNx,-1.3940298507462687,-0.45014826899522337
1907-03-01,TNx,2.623703703703704,-0.44883860606076303
1907-06-01,TNx,-1.1562962962962935,-0.4479397453133434
1907-09-01,TNx,0.018656716417911667,-0.447441648160094
1907-12-01,TNx,-1.9940298507462684,-0.447287374152146
1908-03-01,TNx,-1.0762962962962952,-0.4473332276830573
1908-06-01,TNx,-1.6562962962962935,-0.44742289333896457
1908-09-01,TNx,-0.48134328358208833,-0.44744144652444184
1908-12-01,TNx,-1.3940298507462687,-0.4473310130265606
1909-03-01,TNx,-0.27629629629629626,-0.4470621687985701
1909-06-01,TNx,-2.0562962962962956,-0.4466040710664117
1909-09-01,TNx,-0.9813432835820883,-0.44591589066249243
1909-12-01,TNx,0.8059701492537314,-0.44496853278119847
1910-03-01,TNx,-0.8762962962962959,-0.4437634791389555
1910-06-01,TNx,-2.1562962962962935,-0.44230644900355914
1910-09-01,TNx,-0.8813432835820887,-0.4405814456309052
1910-12-01,TNx,-1.594029850746269,-0.43861835633802154
1911-03-01,TNx,1.4237037037037048,-0.436454776610835
1911-06-01,TNx,1.9437037037037044,-0.43407671223398087
1911-09-01,TNx,0.11865671641791131,-0.4314761935551728
1911-12-01,TNx,0.7059701492537318,-0.4286061718256215
1912-03-01,TNx,-2.2762962962962963,-0.42542661339612575
1912-06-01,TNx,2.143703703703707,-0.42192202910550397
1912-09-01,TNx,-4.081343283582088,-0.41809147280798814
1912-12-01,TNx,1.405970149253731,-0.4139857138060296
1913-03-01,TNx,1.623703703703704,-0.409672478396108
1913-06-01,TNx,-1.8562962962962928,-0.40522988902735724
1913-09-01,TNx,-2.781343283582089,-0.4006905755543634
1913-12-01,TNx,-1.4940298507462684,-0.3960499174719305
1914-03-01,TNx,-0.3762962962962959,-0.3912965734591791
1914-06-01,TNx,-1.256296296296295,-0.386412526298333
1914-09-01,TNx,1.3186567164179106,-0.38140038856294106
1914-12-01,TNx,0.5059701492537307,-0.37630273816418913
1915-03-01,TNx,0.02370370370370445,-0.37117822823753177
1915-06-01,TNx,-1.756296296296295,-0.3661366784226384
1915-09-01,TNx,0.5186567164179099,-0.3612901793920829
1915-12-01,TNx,0.005970149253730739,-0.3567748456995991
1916-03-01,TNx,0.9237037037037048,-0.35265861651158925
1916-06-01,TNx,-2.1562962962962935,-0.3489867649788927
1916-09-01,TNx,-1.1813432835820894,-0.34576720982818276
1916-12-01,TNx,-0.39402985074626784,-0.3429862576372827
1917-03-01,TNx,2.923703703703705,-0.34063956007040913
1917-06-01,TNx,-0.8562962962962928,-0.3387503840082688
1917-09-01,TNx,-1.3813432835820887,-0.3373325432448086
1917-12-01,TNx,-0.0940298507462689,-0.3364065037069606
1918-03-01,TNx,1.123703703703704,-0.33594802469061347
1918-06-01,TNx,-0.8562962962962928,-0.3359200602387852
1918-09-01,TNx,-0.6813432835820894,-0.3363253941840071
1918-12-01,TNx,1.3059701492537314,-0.3371784240586016
1919-03-01,TNx,-1.1762962962962966,-0.33850633591526835
1919-06-01,TNx,-0.5562962962962956,-0.340364052809364
1919-09-01,TNx,2.3186567164179106,-0.342731878503983
1919-12-01,TNx,-0.7940298507462682,-0.34559131941200816
1920-03-01,TNx,1.4237037037037048,-0.3489368566282929
1920-06-01,TNx,-2.356296296296293,-0.3527349490257543
1920-09-01,TNx,-2.3813432835820887,-0.3569117231095265
1920-12-01,TNx,1.7059701492537318,-0.36134080638873173
1921-03-01,TNx,-1.1762962962962966,-0.36586782947515895
1921-06-01,TNx,-1.0562962962962956,-0.3703572654855122
1921-09-01,TNx,-1.081343283582088,-0.3746971025355436
1921-12-01,TNx,-0.2940298507462682,-0.3788077829037612
1922-03-01,TNx,5.423703703703705,-0.3826442051921923
1922-06-01,TNx,-3.756296296296295,-0.38615576946509156
1922-09-01,TNx,-2.6813432835820894,-0.38932404199198994
1922-12-01,TNx,-0.5940298507462689,-0.39217652921107576
1923-03-01,TNx,-0.17629629629629662,-0.3947222987750309
1923-06-01,TNx,3.743703703703705,-0.39698216440402445
1923-09-01,TNx,-1.8813432835820887,-0.39899215461551374
1923-12-01,TNx,-2.594029850746269,-0.40076915281523945
1924-03-01,TNx,0.7237037037037037,-0.40230650616962826
1924-06-01,TNx,-2.756296296296295,-0.40357586229499204
1924-09-01,TNx,0.018656716417911667,-0.40459622185068517
1924-12-01,TNx,-0.8940298507462678,-0.4053652045910631
1925-03-01,TNx,1.7237037037037055,-0.4059145741388114
1925-06-01,TNx,1.743703703703705,-0.4062189976953472
1925-09-01,TNx,-1.781343283582089,-0.4061699368310041
1925-12-01,TNx,0.8059701492537314,-0.4056754564855919
1926-03-01,TNx,-1.876296296296296,-0.4047204725954403
1926-06-01,TNx,-1.1562962962962935,-0.40335399976904385
1926-09-01,TNx,0.8186567164179106,-0.4016455480946836
1926-12-01,TNx,-2.3940298507462687,-0.39967546575846624
1927-03-01,TNx,-0.9762962962962956,-0.3974683943274727
1927-06-01,TNx,-2.5562962962962956,-0.3949887254776661
1927-09-01,TNx,0.418656716417912,-0.39220493088107694
1927-12-01,TNx,0.10597014925373216,-0.38912449198456256
1928-03-01,TNx,-0.9762962962962956,-0.3857345886914738
1928-06-01,TNx,-2.256296296296295,-0.3820067804087212
1928-09-01,TNx,0.418656716417912,-0.3778978945878725
1928-12-01,TNx,-2.1940298507462686,-0.3734538777388705
1929-03-01,TNx,1.5237037037037044,-0.36879327219532887
1929-06-01,TNx,-0.9562962962962942,-0.3640455177270352
1929-09-01,TNx,0.8186567164179106,-0.3593291554681578
1929-12-01,TNx,0.8059701492537314,-0.35472592528649577
1930-03-01,TNx,-2.076296296296295,-0.3503340933006473
1930-06-01,TNx,0.6437037037037072,-0.3462494674932425
1930-09-01,TNx,-1.781343283582089,-0.34254838774413
1930-12-01,TNx,-2.3940298507462687,-0.33928120527235056
1931-03-01,TNx,0.9237037037037048,-0.3364590972540832
1931-06-01,TNx,-1.9562962962962942,-0.3340674853874555
1931-09-01,TNx,-2.6813432835820894,-0.3321071653900386
1931-12-01,TNx,0.9059701492537311,-0.330557063066964
1932-03-01,TNx,1.0237037037037044,-0.3293043478905907
1932-06-01,TNx,2.4437037037037044,-0.3282259129099342
1932-09-01,TNx,0.8186567164179106,-0.3271377189585373
1932-12-01,TNx,0.30597014925373145,-0.3259026035409591
1933-03-01,TNx,-1.0762962962962952,-0.3244656679078286
1933-06-01,TNx,0.3437037037037065,-0.32276767517294414
1933-09-01,TNx,-1.281343283582089,-0.32071268286709803
1933-12-01,TNx,-0.0940298507462689,-0.3181984675736445
1934-03-01,TNx,0.22370370370370374,-0.31511240150487474
1934-06-01,TNx,-1.756296296296295,-0.31137624359153193
1934-09-01,TNx,2.3186567164179106,-0.30689394935232767
1934-12-01,TNx,1.5059701492537307,-0.3016440837602794
1935-03-01,TNx,-1.4762962962962956,-0.2956871649870498
1935-06-01,TNx,0.2437037037037051,-0.28913558712688303
1935-09-01,TNx,-0.1813432835820894,-0.2820569990234467
1935-12-01,TNx,0.4059701492537311,-0.2744174206004454
1936-03-01,TNx,-2.076296296296295,-0.26615635047003255
1936-06-01,TNx,-0.7562962962962949,-0.25725787629969543
1936-09-01,TNx,-0.48134328358208833,-0.24774291682717917
1936-12-01,TNx,0.8059701492537314,-0.23766951008974138
1937-03-01,TNx,2.123703703703704,-0.22714080378759235
1937-06-01,TNx,0.3437037037037065,-0.21629531266559598
1937-09-01,TNx,-1.4813432835820883,-0.2052621555641135
1937-12-01,TNx,-1.4940298507462684,-0.1941321186436516
1938-03-01,TNx,-0.6762962962962966,-0.18292626222258843
1938-06-01,TNx,-0.6562962962962935,-0.17165657045315327
1938-09-01,TNx,1.418656716417912,-0.16036117261749433
1938-12-01,TNx,1.7059701492537318,-0.14910348280275387
1939-03-01,TNx,-0.5762962962962952,-0.13795897457433362
1939-06-01,TNx,-1.6562962962962935,-0.12705730960348982
1939-09-01,TNx,1.3186567164179106,-0.11653660797920098
1939-12-01,TNx,-0.0940298507462689,-0.10652325085019262
1940-03-01,TNx,0.8237037037037034,-0.0970931649535564
1940-06-01,TNx,-3.556296296296294,-0.08831051904794307
1940-09-01,TNx,-2.3813432835820887,-0.08024361705462199
1940-12-01,TNx,-0.49402985074626926,-0.07294860063058116
1941-03-01,TNx,-3.9762962962962956,-0.06649438624063748
1941-06-01,TNx,1.3437037037037065,-0.060965947059993676
1941-09-01,TNx,-1.281343283582089,-0.056360005095815145
1941-12-01,TNx,-0.39402985074626784,-0.05264457105323008
1942-03-01,TNx,-2.076296296296295,-0.0497722586667659
1942-06-01,TNx,0.4437037037037044,-0.047622410924976204
1942-09-01,TNx,1.3186567164179106,-0.04605433480463372
1942-12-01,TNx,-1.094029850746269,-0.044920525204178476
1943-03-01,TNx,-0.6762962962962966,-0.044095573319827726
1943-06-01,TNx,-0.2562962962962949,-0.04350229898044759
1943-09-01,TNx,2.418656716417912,-0.043089347189624844
1943-12-01,TNx,-1.4940298507462684,-0.0428388862796759
1944-03-01,TNx,3.0237037037037027,-0.04278182437133096
1944-06-01,TNx,0.0437037037037058,-0.042957434551238335
1944-09-01,TNx,-1.281343283582089,-0.04340774572522943
1944-12-01,TNx,-0.8940298507462678,-0.04415953744398942
1945-03-01,TNx,3.0237037037037027,-0.04519642683563256
1945-06-01,TNx,1.4437037037037044,-0.04646979287807928
1945-09-01,TNx,3.8186567164179106,-0.04799134897711996
1945-12-01,TNx,-0.6940298507462686,-0.049754453385279035
1946-03-01,TNx,-1.9762962962962956,-0.051759792209514904
1946-06-01,TNx,-1.3562962962962928,-0.05397552858388678
1946-09-01,TNx,0.5186567164179099,-0.05637303069677483
1946-12-01,TNx,-1.4940298507462684,-0.05896482086438345
1947-03-01,TNx,2.2237037037037055,-0.061711416659864196
1947-06-01,TNx,1.6437037037037072,-0.06453978701143512
1947-09-01,TNx,2.8186567164179106,-0.06738321809279854
1947-12-01,TNx,1.3059701492537314,-0.07018654290379561
1948-03-01,TNx,-1.5762962962962952,-0.07293332751892438
1948-06-01,TNx,1.9437037037037044,-0.07560380081333938
1948-09-01,TNx,-0.8813432835820887,-0.0782363397323543
1948-12-01,TNx,0.005970149253730739,-0.08095458954215744
1949-03-01,TNx,-0.0762962962962952,-0.08392820256832513
1949-06-01,TNx,-1.256296296296295,-0.08732236253093068
1949-09-01,TNx,4.818656716417911,-0.09127547155267314
1949-12-01,TNx,-1.3940298507462687,-0.09590948552838799
1950-03-01,TNx,-0.17629629629629662,-0.1013338239572864
1950-06-01,TNx,-0.9562962962962942,-0.10762762471460528
1950-09-01,TNx,-1.3813432835820887,-0.11489978733758754
1950-12-01,TNx,-2.3940298507462687,-0.12330841651922973
1951-03-01,TNx,-0.7762962962962963,-0.13297283441309599
1951-06-01,TNx,0.3437037037037065,-0.14396728501386527
1951-09-01,TNx,1.6186567164179113,-0.15631260233337693
1951-12-01,TNx,-1.3940298507462687,-0.16999210557554456
1952-03-01,TNx,-1.0762962962962952,-0.18493494672742353
1952-06-01,TNx,1.1437037037037072,-0.2010103928385603
1952-09-01,TNx,-2.581343283582088,-0.2180080353248524
1952-12-01,TNx,-1.6940298507462686,-0.23572387881883636
1953-03-01,TNx,1.7237037037037055,-0.25394245950330807
1953-06-01,TNx,0.5437037037037058,-0.27245188802402853
1953-09-01,TNx,-2.6813432835820894,-0.2911224465008545
1953-12-01,TNx,1.6059701492537322,-0.30984904555852716
1954-03-01,TNx,0.3237037037037034,-0.3285188865978196
1954-06-01,TNx,-1.1562962962962935,-0.34700652123456965
1954-09-01,TNx,-0.08134328358208798,-0.36523429838768473
1954-12-01,TNx,-0.9940298507462693,-0.3831298472079608
1955-03-01,TNx,-2.6762962962962966,-0.40059509413777195
1955-06-01,TNx,-0.4562962962962942,-0.4175370452526781
1955-09-01,TNx,0.418656716417912,-0.43388335737007244
1955-12-01,TNx,-0.7940298507462682,-0.4495804089248554
1956-03-01,TNx,-0.6762962962962966,-0.4645650812755453
1956-06-01,TNx,-2.456296296296294,-0.47878054793977465
1956-09-01,TNx,-0.6813432835820894,-0.4921266425646303
1956-12-01,TNx,1.1059701492537322,-0.5045181063429282
1957-03-01,TNx,-4.176296296296297,-0.515935045304566
1957-06-01,TNx,1.3437037037037065,-0.5264069564954073
1957-09-01,TNx,-0.28134328358208904,-0.5358882089596164
1957-12-01,TNx,2.0059701492537307,-0.5443015351569002
1958-03-01,TNx,-0.47629629629629555,-0.5515251619608028
1958-06-01,TNx,-1.6562962962962935,-0.5574926917659069
1958-09-01,TNx,1.51865671641791,-0.5622352754181661
1958-12-01,TNx,-0.7940298507462682,-0.5658588094643844
1959-03-01,TNx,1.123703703703704,-0.5685220684731321
1959-06-01,TNx,0.6437037037037072,-0.570458283265066
1959-09-01,TNx,-1.781343283582089,-0.5718844028567014
1959-12-01,TNx,1.3059701492537314,-0.572998946266929
1960-03-01,TNx,-0.8762962962962959,-0.5739532077948616
1960-06-01,TNx,-2.456296296296294,-0.5748438197107164
1960-09-01,TNx,-1.781343283582089,-0.5758028702798639
1960-12-01,TNx,-0.8940298507462678,-0.5769124238088758
1961-03-01,TNx,-1.9762962962962956,-0.5782652399808527
1961-06-01,TNx,-1.9562962962962942,-0.5799505674732287
1961-09-01,TNx,0.7186567164179127,-0.5820562555053541
1961-12-01,TNx,2.3059701492537314,-0.584633527193131
1962-03-01,TNx,-1.2762962962962963,-0.5876172856975648
1962-06-01,TNx,-3.6562962962962935,-0.590947460721663
1962-09-01,TNx,-0.48134328358208833,-0.594596579999614
1962-12-01,TNx,-3.1940298507462686,-0.5985268701591339
1963-03-01,TNx,0.1237037037037041,-0.6027010013103494
1963-06-01,TNx,0.4437037037037044,-0.6070926264132057
1963-09-01,TNx,-0.6813432835820894,-0.6117159081419264
1963-12-01,TNx,-1.1940298507462686,-0.6165486580173547
1964-03-01,TNx,0.6237037037037041,-0.6215121943052341
1964-06-01,TNx,-0.5562962962962956,-0.6265222840042063
1964-09-01,TNx,0.918656716417912,-0.6314713737596661
1964-12-01,TNx,-0.5940298507462689,-0.6362081938439601
1965-03-01,TNx,-1.5762962962962952,-0.6406498831163605
1965-06-01,TNx,-2.6562962962962935,-0.6447893928334674
1965-09-01,TNx,-0.781343283582089,-0.6486229842878573
1965-12-01,TNx,1.2059701492537318,-0.6521533318054303
1966-03-01,TNx,-1.4762962962962956,-0.6554180149513942
1966-06-01,TNx,-0.9562962962962942,-0.6584166901888435
1966-09-01,TNx,-0.28134328358208904,-0.6611029291242013
1966-12-01,TNx,0.10597014925373216,-0.6634128236132428
1967-03-01,TNx,-0.47629629629629555,-0.6652756284519428
1967-06-01,TNx,-0.4562962962962942,-0.6666094318247963
1967-09-01,TNx,-0.781343283582089,-0.6673382564832535
1967-12-01,TNx,0.4059701492537311,-0.6674050257586231
1968-03-01,TNx,0.7237037037037037,-0.6667365298079261
1968-06-01,TNx,-1.0562962962962956,-0.6652729251741833
1968-09-01,TNx,-0.781343283582089,-0.6630325708813745
1968-12-01,TNx,-1.2940298507462682,-0.6600901266113065
1969-03-01,TNx,2.5237037037037027,-0.656504723360786
1969-06-01,TNx,-0.2562962962962949,-0.6523115144720213
1969-09-01,TNx,0.11865671641791131,-0.6475990336656186
1969-12-01,TNx,-1.7940298507462682,-0.6424609022047365
1970-03-01,TNx,-2.1762962962962966,-0.6370093800894828
1970-06-01,TNx,-1.756296296296295,-0.6313311922618728
1970-09-01,TNx,-1.081343283582088,-0.625511866355879
1970-12-01,TNx,-2.8940298507462687,-0.6196494358066884
1971-03-01,TNx,0.3237037037037034,-0.6138135190237367
1971-06-01,TNx,-1.256296296296295,-0.6080699391945535
1971-09-01,TNx,-2.081343283582088,-0.6024783701803691
1971-12-01,TNx,1.8059701492537314,-0.5970456335998977
1972-03-01,TNx,-3.376296296296296,-0.5917491776292457
1972-06-01,TNx,0.9437037037037044,-0.5865357757429752
1972-09-01,TNx,-2.3813432835820887,-0.5813563082338022
1972-12-01,TNx,-0.49402985074626926,-0.5761749464325722
1973-03-01,TNx,-1.6762962962962966,-0.5709499370041832
1973-06-01,TNx,0.4437037037037044,-0.565651324779526
1973-09-01,TNx,1.418656716417912,-0.5602590096096911
1973-12-01,TNx,-0.8940298507462678,-0.5547786347894835
1974-03-01,TNx,-3.376296296296296,-0.5491661401553981
1974-06-01,TNx,-0.6562962962962935,-0.5432821445327142
1974-09-01,TNx,-0.781343283582089,-0.5369868833638293
1974-12-01,TNx,0.8059701492537314,-0.5302013414522136
1975-03-01,TNx,-2.876296296296296,-0.5228914621098028
1975-06-01,TNx,0.9437037037037044,-0.5150635468004097
1975-09-01,TNx,0.21865671641791273,-0.5067113170361983
1975-12-01,TNx,-0.39402985074626784,-0.49782296085824895
1976-03-01,TNx,1.4237037037037048,-0.4883657242915022
1976-06-01,TNx,1.9437037037037044,-0.4783023559009231
1976-09-01,TNx,-0.9813432835820883,-0.4675810332681155
1976-12-01,TNx,-1.6940298507462686,-0.4561725246177578
1977-03-01,TNx,-1.5762962962962952,-0.4440503865174547
1977-06-01,TNx,-2.0562962962962956,-0.4311673612623223
1977-09-01,TNx,-1.1813432835820894,-0.41747669914584873
1977-12-01,TNx,0.005970149253730739,-0.402949687816847
1978-03-01,TNx,-0.0762962962962952,-0.387562054602947
1978-06-01,TNx,0.2437037037037051,-0.3712594096959839
1978-09-01,TNx,-1.081343283582088,-0.35402211288608426
1978-12-01,TNx,0.30597014925373145,-0.3358670045782412
1979-03-01,TNx,1.8237037037037034,-0.3168342710931168
1979-06-01,TNx,-1.1562962962962935,-0.29701468350262766
1979-09-01,TNx,0.21865671641791273,-0.27655501040368874
1979-12-01,TNx,0.4059701492537311,-0.2556089010514322
1980-03-01,TNx,-3.6762962962962966,-0.2343282989414521
1980-06-01,TNx,-1.3562962962962928,-0.21283985874822764
1980-09-01,TNx,1.01865671641791,-0.19122906170390858
1980-12-01,TNx,0.2059701492537318,-0.16960008152486497
1981-03-01,TNx,1.0237037037037044,-0.1480812342784426
1981-06-01,TNx,0.5437037037037058,-0.12679572956667254
1981-09-01,TNx,-0.9813432835820883,-0.10581167569959239
1981-12-01,TNx,-0.2940298507462682,-0.08520386677299346
1982-03-01,TNx,-0.3762962962962959,-0.06503319786891129
1982-06-01,TNx,0.14370370370370722,-0.04536673226599728
1982-09-01,TNx,0.21865671641791273,-0.026286297416837405
1982-12-01,TNx,-0.19402985074626855,-0.007847731413970929
1983-03-01,TNx,-1.9762962962962956,0.009893491032876614
1983-06-01,TNx,0.8437037037037065,0.02690946425762441
1983-09-01,TNx,0.918656716417912,0.04321240125598646
1983-12-01,TNx,-0.0940298507462689,0.05883370055610102
1984-03-01,TNx,-1.9762962962962956,0.07377555542802458
1984-06-01,TNx,0.14370370370370722,0.08806353120250594
1984-09-01,TNx,0.918656716417912,0.10170258179448428
1984-12-01,TNx,-1.1940298507462686,0.11471656282794908
1985-03-01,TNx,0.8237037037037034,0.12707651091135985
1985-06-01,TNx,-0.4562962962962942,0.1387507066248275
1985-09-01,TNx,1.3186567164179106,0.14973222000395076
1985-12-01,TNx,2.0059701492537307,0.16005547259522548
1986-03-01,TNx,-0.8762962962962959,0.16980011645348952
1986-06-01,TNx,-0.1562962962962935,0.17906783219960462
1986-09-01,TNx,-1.4813432835820883,0.18797032092766114
1986-12-01,TNx,0.6059701492537322,0.19657573112182442
1987-03-01,TNx,0.8237037037037034,0.20492208240699483
1987-06-01,TNx,-0.7562962962962949,0.21305182258937147
1987-09-01,TNx,2.01865671641791,0.22097824718124104
1987-12-01,TNx,1.1059701492537322,0.2287208233655389
1988-03-01,TNx,1.623703703703704,0.23631304841599346
1988-06-01,TNx,-0.05629629629629562,0.243781486109023
1988-09-01,TNx,-1.1813432835820894,0.25120793906448624
1988-12-01,TNx,1.1059701492537322,0.2587342385831885
1989-03-01,TNx,1.0237037037037044,0.2665158789258955
1989-06-01,TNx,1.9437037037037044,0.2746868998399902
1989-09-01,TNx,1.01865671641791,0.2833170640490484
1989-12-01,TNx,2.405970149253731,0.2924300446642313
1990-03-01,TNx,0.4237037037037048,0.3019983278013271
1990-06-01,TNx,0.9437037037037044,0.31196995309773584
1990-09-01,TNx,1.01865671641791,0.32228075148390617
1990-12-01,TNx,-0.9940298507462693,0.3328491078665656
1991-03-01,TNx,-1.376296296296296,0.3435588610193053
1991-06-01,TNx,0.8437037037037065,0.3543064294063748
1991-09-01,TNx,1.1186567164179113,0.36504999867277205
1991-12-01,TNx,1.1059701492537322,0.3757808629247315
1992-03-01,TNx,1.3237037037037034,0.38647482289377766
1992-06-01,TNx,-0.5562962962962956,0.3971321731835536
1992-09-01,TNx,0.018656716417911667,0.407664003464504
1992-12-01,TNx,1.0059701492537307,0.4179692526609908
1993-03-01,TNx,1.2237037037037037,0.42795556572341487
1993-06-01,TNx,-2.256296296296295,0.43752252803339053
1993-09-01,TNx,-0.8813432835820887,0.44662635552401275
1993-12-01,TNx,-0.7940298507462682,0.4552735771002181
1994-03-01,TNx,-1.4762962962962956,0.46347967677744395
1994-06-01,TNx,1.8437037037037065,0.4712215913776558
1994-09-01,TNx,-1.581343283582088,0.4784884388643546
1994-12-01,TNx,2.8059701492537314,0.4853130534166539
1995-03-01,TNx,-0.0762962962962952,0.49177990504726465
1995-06-01,TNx,1.8437037037037065,0.49800380540699785
1995-09-01,TNx,-0.8813432835820887,0.5040777148214394
1995-12-01,TNx,-0.19402985074626855,0.5100568412288393
1996-03-01,TNx,-0.6762962962962966,0.5159998319189194
1996-06-01,TNx,0.8437037037037065,0.5219943188291402
1996-09-01,TNx,-2.3813432835820887,0.5281060615084514
1996-12-01,TNx,-0.49402985074626926,0.534385453937004
1997-03-01,TNx,1.8237037037037034,0.5408898213810664
1997-06-01,TNx,0.6437037037037072,0.54762326877532
1997-09-01,TNx,0.11865671641791131,0.5545631237741103
1997-12-01,TNx,0.7059701492537318,0.56167298738409
1998-03-01,TNx,4.2237037037037055,0.56893472867639
1998-06-01,TNx,-1.0562962962962956,0.5763311776048363
1998-09-01,TNx,-0.581343283582088,0.5838143910278945
1998-12-01,TNx,0.6059701492537322,0.5913739892459497
1999-03-01,TNx,1.5237037037037044,0.5989826454416645
1999-06-01,TNx,0.4437037037037044,0.6066247822233459
1999-09-01,TNx,2.01865671641791,0.614283146547678
1999-12-01,TNx,0.2059701492537318,0.6219138827236533
2000-03-01,TNx,2.623703703703704,0.6294977130706132
2000-06-01,TNx,1.243703703703705,0.6370349721467403
2000-09-01,TNx,1.1186567164179113,0.6445564232596491
2000-12-01,TNx,2.0059701492537307,0.6521164634512028
2001-03-01,TNx,-0.8762962962962959,0.6596960777122055
2001-06-01,TNx,2.043703703703706,0.6672094547880931
2001-09-01,TNx,0.11865671641791131,0.6745238430809178
2001-12-01,TNx,0.9059701492537311,0.6815361073330514
2002-03-01,TNx,0.7237037037037037,0.6881726395509287
2002-06-01,TNx,0.3437037037037065,0.6943831374270621
2002-09-01,TNx,-0.08134328358208798,0.7001275877175315
2002-12-01,TNx,0.5059701492537307,0.7054196059864006
2003-03-01,TNx,0.9237037037037048,0.7103052377872165
2003-06-01,TNx,3.3437037037037065,0.7148047790629876
2003-09-01,TNx,-1.8813432835820887,0.7188767517878711
2003-12-01,TNx,3.205970149253732,0.722480491684345
2004-03-01,TNx,-1.9762962962962956,0.7255685984046166
2004-06-01,TNx,2.543703703703706,0.7281441536251999
2004-09-01,TNx,0.6186567164179113,0.7302333736425696
2004-12-01,TNx,-0.9940298507462693,0.7318651523930993
2005-03-01,TNx,2.623703703703704,0.7330939548055759
2005-06-01,TNx,1.1437037037037072,0.7340115572257436
2005-09-01,TNx,1.918656716417912,0.7347862259206491
2005-12-01,TNx,-2.1940298507462686,0.7355524986844241
2006-03-01,TNx,0.8237037037037034,0.7363858767210911
2006-06-01,TNx,2.143703703703707,0.7373198102043015
2006-09-01,TNx,1.918656716417912,0.738403171474766
2006-12-01,TNx,2.905970149253731,0.7397096174448433
2007-03-01,TNx,2.123703703703704,0.7412817362092208
2007-06-01,TNx,-1.0562962962962956,0.7431516600806839
2007-09-01,TNx,-0.48134328358208833,0.7453187256207047
2007-12-01,TNx,2.405970149253731,0.7478583857014133
2008-03-01,TNx,1.2237037037037037,0.7508379352419604
2008-06-01,TNx,0.3437037037037065,0.7543008436756926
2008-09-01,TNx,0.918656716417912,0.758263284231742
2008-12-01,TNx,-1.3940298507462687,0.7627642911142974
2009-03-01,TNx,-0.3762962962962959,0.7678188292914768
2009-06-01,TNx,0.0437037037037058,0.7734246947286917
2009-09-01,TNx,0.3186567164179106,0.7795457987578582
2009-12-01,TNx,-1.594029850746269,0.7861482548576206
2010-03-01,TNx,-1.6762962962962966,0.7932010637514659
2010-06-01,TNx,2.9437037037037044,0.8007235867728558
2010-09-01,TNx,-0.3813432835820887,0.8088053699257666
2010-12-01,TNx,1.405970149253731,0.8175003623272222
2011-03-01,TNx,0.5237037037037044,0.8268233594804948
2011-06-01,TNx,-0.05629629629629562,0.8367955733802129
2011-09-01,TNx,1.51865671641791,0.8473785188646382
2011-12-01,TNx,0.6059701492537322,0.8584878680620017
2012-03-01,TNx,1.2237037037037037,0.87007460614874
2012-06-01,TNx,4.143703703703707,0.8820776301884452
2012-09-01,TNx,-0.3813432835820887,0.8944354382518328
2012-12-01,TNx,-0.49402985074626926,0.9070876984888413
2013-03-01,TNx,-2.2762962962962963,0.9200058156650265
2013-06-01,TNx,1.9437037037037044,0.9332013297073305
2013-09-01,TNx,1.3186567164179106,0.9466809312308615
2013-12-01,TNx,0.2059701492537318,0.9604912629244817
2014-03-01,TNx,0.02370370370370445,0.9747217074784059
2014-06-01,TNx,2.8437037037037065,0.9894947647642647
2014-09-01,TNx,1.3186567164179106,1.0090843936849467
2014-12-01,TNx,1.3059701492537314,1.0299956090762499
2015-03-01,TNx,-0.7762962962962963,1.0524738665981943
2015-06-01,TNx,2.743703703703705,1.0764392787513988
2015-09-01,TNx,-1.8813432835820887,1.1016994165991574
2015-12-01,TNx,3.605970149253732,1.1280443349161906
2016-03-01,TNx,-0.27629629629629626,1.1552918492559556
2016-06-01,TNx,1.243703703703705,1.1832886380467413
2016-09-01,TNx,2.418656716417912,1.2119135927272249
2016-12-01,TNx,0.005970149253730739,1.2410701430786895
2017-03-01,TNx,4.823703703703703,1.2706789742706224
2017-06-01,TNx,1.0437037037037058,1.3006754323056189
2017-09-01,TNx,0.418656716417912,1.3310007224059297
2017-12-01,TNx,-0.7940298507462682,1.3616049047576346
2018-03-01,TNx,4.123703703703704,1.3924478167610408
2018-06-01,TNx,2.4437037037037044,1.4234973097596377
2018-09-01,TNx,1.7186567164179127,1.4547220652660198
2018-12-01,TNx,0.8059701492537314,1.4860925323510465
2019-03-01,TNx,-1.876296296296296,1.5175826061672557
2019-06-01,TNx,4.543703703703706,1.5491714600718258
2019-09-01,TNx,0.11865671641791131,1.5808444291981458
2019-12-01,TNx,1.405970149253731,1.612586649357635
2020-03-01,TNx,0.02370370370370445,1.6443862057721443
2020-06-01,TNx,2.643703703703707,1.6762340375659879
2020-09-01,TNx,2.3186567164179106,1.708124146048563
2020-12-01,TNx,2.905970149253731,1.7400507927731614
2021-03-01,TNx,-1.6762962962962966,1.7720079969332687
2021-06-01,TNx,2.043703703703706,1.803990368031125
2021-09-01,TNx,1.6186567164179113,1.8359971168694955
2021-12-01,TNx,3.605970149253732,1.8680288557814118
2022-03-01,TNx,2.123703703703704,1.9000863758653557
2022-06-01,TNx,1.4437037037037044,1.932168894523354
2022-09-01,TNx,1.1186567164179113,1.9642755514448367
2022-12-01,TNx,4.605970149253732,1.9964067826196557
2023-03-01,TNx,-1.376296296296296,2.0285637972621555
2023-06-01,TNx,-0.6562962962962935,2.0607462604547933
2023-09-01,TNx,3.8186567164179106,2.092958553060007
2023-12-01,TNx,1.1059701492537322,2.125209155666152
2024-03-01,TNx,0.5237037037037044,2.157505482492867
2024-06-01,TNx,1.243703703703705,2.18985626720264
2024-09-01,TNx,2.1186567164179113,2.2222730014214918
2024-12-01,TNx,2.105970149253732,2.2547688561045076
2025-03-01,TNx,0.9237037037037048,2.2873572681361307
2025-06-01,TNx,2.643703703703707,2.3200521433331454
2025-09-01,TNx,4.218656716417913,2.3528689911790543
2025-12-01,TNx,3.0059701492537307,2.385822303106429
2026-03-01,TNx,4.623703703703704,2.418923120681783
2026-06-01,TNx,5.243703703703705,2.4521797570152546
1892-03-01,TXn,-4.925925925925926,-1.2801262361521732
1892-06-01,TXn,-0.4096296296296291,-1.2748351633750175
1892-09-01,TXn,-1.6335820895522388,-1.2696632241482375
1892-12-01,TXn,-2.879850746268657,-1.2646034251411753
1893-03-01,TXn,0.17407407407407405,-1.2596475947492842
1893-06-01,TXn,0.5903703703703709,-1.25478510723271
1893-09-01,TXn,-0.9335820895522389,-1.250007093490918
1893-12-01,TXn,-4.079850746268657,-1.2453076401346828
1894-03-01,TXn,3.174074074074074,-1.2406806254601395
1894-06-01,TXn,-0.3096296296296277,-1.2361171854241966
1894-09-01,TXn,-2.433582089552239,-1.2316135090296074
1894-12-01,TXn,-6.679850746268657,-1.2271679464054746
1895-03-01,TXn,-4.525925925925926,-1.2227755373371643
1895-06-01,TXn,0.1903703703703723,-1.218422229903427
1895-09-01,TXn,-2.1335820895522386,-1.2140875896727112
1895-12-01,TXn,0.9201492537313434,-1.2097507562000147
1896-03-01,TXn,0.8740740740740742,-1.2053899500708465
1896-06-01,TXn,-1.5096296296296288,-1.2009855712978446
1896-09-01,TXn,-2.933582089552239,-1.196520498551519
1896-12-01,TXn,0.020149253731343464,-1.191976767754848
1897-03-01,TXn,1.174074074074074,-1.1873338905987694
1897-06-01,TXn,-1.209629629629628,-1.18257229708532
1897-09-01,TXn,-1.8335820895522388,-1.1776750751376526
1897-12-01,TXn,3.4201492537313434,-1.1726253940667564
1898-03-01,TXn,-3.225925925925926,-1.1674065963330937
1898-06-01,TXn,-0.20962962962962806,-1.162006629071286
1898-09-01,TXn,-0.9335820895522389,-1.156412730659185
1898-12-01,TXn,3.120149253731343,-1.1506128409603418
1899-03-01,TXn,-1.625925925925926,-1.1445970842595514
1899-06-01,TXn,-1.209629629629628,-1.1383617548617029
1899-09-01,TXn,3.766417910447761,-1.131905348428814
1899-12-01,TXn,-3.879850746268657,-1.125229569637827
1900-03-01,TXn,-2.825925925925926,-1.1183446181314731
1900-06-01,TXn,-0.10962962962962841,-1.1112616278745406
1900-09-01,TXn,0.06641791044776113,-1.1039924573262183
1900-12-01,TXn,-2.879850746268657,-1.0965547630565002
1901-03-01,TXn,-2.025925925925926,-1.0889736439707995
1901-06-01,TXn,-1.209629629629628,-1.0812786984706213
1901-09-01,TXn,-0.43358208955223887,-1.0735058134617534
1901-12-01,TXn,0.12014925373134311,-1.0657014760554309
1902-03-01,TXn,2.0740740740740744,-1.0579284701657814
1902-06-01,TXn,-1.209629629629628,-1.050273852557584
1902-09-01,TXn,-4.233582089552239,-1.0428595440212194
1902-12-01,TXn,-2.9798507462686565,-1.0358427830428993
1903-03-01,TXn,-0.22592592592592586,-1.0294122815247644
1903-06-01,TXn,-2.209629629629628,-1.023788374218274
1903-09-01,TXn,-3.133582089552239,-1.0192123365349866
1903-12-01,TXn,-0.3798507462686569,-1.0158903942909638
1904-03-01,TXn,-3.825925925925926,-1.0138808199954863
1904-06-01,TXn,-2.1096296296296284,-1.0021593446173926
1904-09-01,TXn,-3.0335820895522385,-0.9902706111033752
1904-12-01,TXn,-0.9798507462686565,-0.97838806784834
1905-03-01,TXn,-0.5259259259259261,-0.9667112385372199
1905-06-01,TXn,-1.0096296296296288,-0.9554885239072495
1905-09-01,TXn,-2.1335820895522386,-0.944944666479641
1905-12-01,TXn,1.9201492537313434,-0.9351657631342131
1906-03-01,TXn,-2.025925925925926,-0.9261301846459211
1906-06-01,TXn,-1.3096296296296277,-0.9178291962827476
1906-09-01,TXn,3.166417910447761,-0.9101723872082881
1906-12-01,TXn,-5.179850746268657,-0.9029763552548631
1907-03-01,TXn,1.3740740740740742,-0.8960745227590181
1907-06-01,TXn,-2.3096296296296277,-0.889371970962201
1907-09-01,TXn,0.16641791044776122,-0.8828400254611855
1907-12-01,TXn,-2.7798507462686564,-0.8764534535132957
1908-03-01,TXn,-2.925925925925926,-0.870231149954497
1908-06-01,TXn,-0.6096296296296284,-0.8640974823687938
1908-09-01,TXn,1.0664179104477611,-0.8578982822539923
1908-12-01,TXn,-5.279850746268656,-0.8515054654076797
1909-03-01,TXn,-3.325925925925926,-0.8448462818666816
1909-06-01,TXn,-1.3096296296296277,-0.8378651732319425
1909-09-01,TXn,-2.533582089552239,-0.8304583398372227
1909-12-01,TXn,3.8201492537313433,-0.8225857973411742
1910-03-01,TXn,1.7740740740740737,-0.814335973102341
1910-06-01,TXn,-0.3096296296296277,-0.8057910473119857
1910-09-01,TXn,-1.9335820895522389,-0.7970658155471808
1910-12-01,TXn,1.8201492537313433,-0.7882890980429736
1911-03-01,TXn,-2.425925925925926,-0.7796035205663145
1911-06-01,TXn,-0.5096296296296288,-0.7710309169017852
1911-09-01,TXn,-2.033582089552239,-0.7625731764820226
1911-12-01,TXn,-0.7798507462686564,-0.7542638187865116
1912-03-01,TXn,3.5740740740740744,-0.746108035178263
1912-06-01,TXn,-1.6096296296296284,-0.7381241206867037
1912-09-01,TXn,0.8664179104477614,-0.7304118891183911
1912-12-01,TXn,3.0201492537313435,-0.7230619028741844
1913-03-01,TXn,0.9740740740740739,-0.7161306628999359
1913-06-01,TXn,-0.6096296296296284,-0.7097025413890978
1913-09-01,TXn,4.066417910447761,-0.7039224394174232
1913-12-01,TXn,0.020149253731343464,-0.6989621569345499
1914-03-01,TXn,2.674074074074074,-0.6950296874029583
1914-06-01,TXn,-3.6096296296296284,-0.6923012258202162
1914-09-01,TXn,-3.933582089552239,-0.690815023795191
1914-12-01,TXn,2.4201492537313434,-0.6905073103636876
1915-03-01,TXn,-2.025925925925926,-0.6912962354687088
1915-06-01,TXn,2.290370370370372,-0.6930979960710946
1915-09-01,TXn,-6.433582089552239,-0.6957944612685578
1915-12-01,TXn,3.620149253731343,-0.6993005862257002
1916-03-01,TXn,-3.6259259259259258,-0.7035690320766804
1916-06-01,TXn,-3.0096296296296288,-0.7085940466098392
1916-09-01,TXn,-2.933582089552239,-0.714402445952174
1916-12-01,TXn,-3.379850746268657,-0.7209953763467913
1917-03-01,TXn,-3.725925925925926,-0.7283580161222062
1917-06-01,TXn,1.4903703703703712,-0.7365718931210593
1917-09-01,TXn,2.166417910447761,-0.7457250413174453
1917-12-01,TXn,-1.379850746268657,-0.7558764061224542
1918-03-01,TXn,-2.6259259259259258,-0.7670080229535721
1918-06-01,TXn,0.49037037037037123,-0.7789794160864849
1918-09-01,TXn,-2.333582089552239,-0.7916058103074958
1918-12-01,TXn,-0.7798507462686564,-0.8047050231050811
1919-03-01,TXn,-0.6259259259259258,-0.8179893753340067
1919-06-01,TXn,-0.3096296296296277,-0.8311855019645563
1919-09-01,TXn,-3.7335820895522387,-0.84406608708211
1919-12-01,TXn,2.8201492537313433,-0.8564148287395662
1920-03-01,TXn,1.2740740740740737,-0.867947435045411
1920-06-01,TXn,-1.1096296296296284,-0.8784332419465153
1920-09-01,TXn,0.7664179104477613,-0.887731608583191
1920-12-01,TXn,-2.2798507462686564,-0.8957293336619682
1921-03-01,TXn,1.8740740740740742,-0.90229756192344
1921-06-01,TXn,-1.6096296296296284,-0.9073668182051762
1921-09-01,TXn,-6.433582089552239,-0.9108807025131308
1921-12-01,TXn,-1.1798507462686567,-0.9128625458676562
1922-03-01,TXn,-0.6259259259259258,-0.91339520456321
1922-06-01,TXn,-0.10962962962962841,-0.9125492556863624
1922-09-01,TXn,-3.433582089552239,-0.910319010650167
1922-12-01,TXn,3.720149253731343,-0.9066718069306462
1923-03-01,TXn,-0.02592592592592613,-0.9015453841154887
1923-06-01,TXn,-1.9096296296296291,-0.894854247606245
1923-09-01,TXn,-4.133582089552239,-0.886601363912131
1923-12-01,TXn,1.0201492537313435,-0.8768451489794997
1924-03-01,TXn,-3.225925925925926,-0.8657164541784398
1924-06-01,TXn,-1.209629629629628,-0.8533895913904902
1924-09-01,TXn,-0.43358208955223887,-0.8400502629200632
1924-12-01,TXn,0.020149253731343464,-0.8259577043241122
1925-03-01,TXn,-2.825925925925926,-0.811435090936874
1925-06-01,TXn,-1.3096296296296277,-0.7967780814861962
1925-09-01,TXn,-3.333582089552239,-0.7822871680310036
1925-12-01,TXn,-2.6798507462686567,-0.7682400342860997
1926-03-01,TXn,1.4740740740740739,-0.7547972594329595
1926-06-01,TXn,0.7903703703703719,-0.7420011450185158
1926-09-01,TXn,0.3664179104477614,-0.7297576362921009
1926-12-01,TXn,0.6201492537313431,-0.717945409361982
1927-03-01,TXn,0.3740740740740742,-0.7064840762559061
1927-06-01,TXn,-1.9096296296296291,-0.6953839601022264
1927-09-01,TXn,-1.8335820895522388,-0.6846655035478779
1927-12-01,TXn,-3.2798507462686564,-0.6742676738751046
1928-03-01,TXn,-1.925925925925926,-0.6641586275760495
1928-06-01,TXn,0.09037037037037088,-0.6543012519670205
1928-09-01,TXn,2.966417910447761,-0.6446273880690279
1928-12-01,TXn,-7.779850746268656,-0.6350674512160709
1929-03-01,TXn,-2.225925925925926,-0.62560030158296
1929-06-01,TXn,-0.9096296296296291,-0.6162828660672506
1929-09-01,TXn,3.266417910447761,-0.6072082614451955
1929-12-01,TXn,2.3201492537313433,-0.5984138934570087
1930-03-01,TXn,2.0740740740740744,-0.5899307180994992
1930-06-01,TXn,-1.5096296296296288,-0.5818841626177194
1930-09-01,TXn,2.166417910447761,-0.5744714022807583
1930-12-01,TXn,2.220149253731343,-0.5678438928732339
1931-03-01,TXn,-3.925925925925926,-0.5621159371079769
1931-06-01,TXn,-1.0096296296296288,-0.557345759512173
1931-09-01,TXn,2.666417910447761,-0.5534893344099503
1931-12-01,TXn,-1.1798507462686567,-0.5504780989261047
1932-03-01,TXn,-2.025925925925926,-0.5483331665707132
1932-06-01,TXn,-2.209629629629628,-0.5470246224064941
1932-09-01,TXn,-0.7335820895522387,-0.5465193194367536
1932-12-01,TXn,-1.579850746268657,-0.5467997398872686
1933-03-01,TXn,4.874074074074074,-0.5478048955301819
1933-06-01,TXn,-2.8096296296296277,-0.5494554798999033
1933-09-01,TXn,-0.5335820895522387,-0.5515784519409884
1933-12-01,TXn,-3.579850746268657,-0.5539604248801495
1934-03-01,TXn,1.674074074074074,-0.5565068882125732
1934-06-01,TXn,0.09037037037037088,-0.5591982230692866
1934-09-01,TXn,2.466417910447761,-0.5620685589721283
1934-12-01,TXn,2.4201492537313434,-0.5651346569399331
1935-03-01,TXn,-2.025925925925926,-0.5684665717467429
1935-06-01,TXn,0.29037037037037194,-0.5721387188326982
1935-09-01,TXn,-0.9335820895522389,-0.576189687647303
1935-12-01,TXn,1.3201492537313433,-0.5806260985707457
1936-03-01,TXn,-1.925925925925926,-0.5854767171468847
1936-06-01,TXn,-1.0096296296296288,-0.5907456961573563
1936-09-01,TXn,-3.433582089552239,-0.5963732935427223
1936-12-01,TXn,-0.1798507462686567,-0.602282807568376
1937-03-01,TXn,-3.225925925925926,-0.608336069924362
1937-06-01,TXn,-0.5096296296296288,-0.6143266884219811
1937-09-01,TXn,-0.43358208955223887,-0.6200908397715543
1937-12-01,TXn,1.120149253731343,-0.6255125155071979
1938-03-01,TXn,2.674074074074074,-0.6305464291001986
1938-06-01,TXn,2.3903703703703716,-0.6351955624574508
1938-09-01,TXn,2.966417910447761,-0.6394150447328304
1938-12-01,TXn,-7.779850746268656,-0.6431075327226263
1939-03-01,TXn,-1.125925925925926,-0.6461633582191291
1939-06-01,TXn,0.1903703703703723,-0.6484854498393431
1939-09-01,TXn,0.5664179104477611,-0.6499630052504222
1939-12-01,TXn,-6.479850746268657,-0.6504747407014622
1940-03-01,TXn,0.674074074074074,-0.6498380666173048
1940-06-01,TXn,0.29037037037037194,-0.6478640703674222
1940-09-01,TXn,-0.7335820895522387,-0.6444512742754053
1940-12-01,TXn,-4.079850746268657,-0.639493688655124
1941-03-01,TXn,-0.7259259259259259,-0.6328885316269214
1941-06-01,TXn,0.5903703703703709,-0.6246378924040936
1941-09-01,TXn,-2.7335820895522387,-0.6148353961089574
1941-12-01,TXn,-5.779850746268656,-0.6036714750440049
1942-03-01,TXn,-4.225925925925926,-0.5913358676475143
1942-06-01,TXn,-1.1096296296296284,-0.5780261441086372
1942-09-01,TXn,0.5664179104477611,-0.5639053438234766
1942-12-01,TXn,0.8201492537313433,-0.5491325242704405
1943-03-01,TXn,3.3740740740740742,-0.5337812196312413
1943-06-01,TXn,1.4903703703703712,-0.5178513277534053
1943-09-01,TXn,-2.533582089552239,-0.5014123253417264
1943-12-01,TXn,1.7201492537313432,-0.4845498818343845
1944-03-01,TXn,-3.1259259259259258,-0.46728956475403527
1944-06-01,TXn,-2.5096296296296288,-0.4497573620829597
1944-09-01,TXn,0.2664179104477613,-0.43210970144379285
1944-12-01,TXn,-0.8798507462686569,-0.41454053053199436
1945-03-01,TXn,2.2740740740740737,-0.39727168796734075
1945-06-01,TXn,2.1903703703703723,-0.38044687064441246
1945-09-01,TXn,-1.5335820895522387,-0.3640521248674121
1945-12-01,TXn,-1.6798507462686567,-0.34810943813899164
1946-03-01,TXn,-3.425925925925926,-0.3326597331868711
1946-06-01,TXn,1.4903703703703712,-0.31777550785195624
1946-09-01,TXn,-0.5335820895522387,-0.30354547974195595
1946-12-01,TXn,-4.379850746268656,-0.29003993711177456
1947-03-01,TXn,-2.1259259259259258,-0.2772621655122522
1947-06-01,TXn,0.7903703703703719,-0.26510906428808023
1947-09-01,TXn,-0.3335820895522388,-0.2534131793577573
1947-12-01,TXn,-2.1798507462686567,-0.24198258676984497
1948-03-01,TXn,4.274074074074074,-0.23064771781519935
1948-06-01,TXn,-0.6096296296296284,-0.21925458455899063
1948-09-01,TXn,1.1664179104477612,-0.20767507598621077
1948-12-01,TXn,3.220149253731343,-0.1957871182155225
1949-03-01,TXn,-1.525925925925926,-0.1834849013135661
1949-06-01,TXn,-0.6096296296296284,-0.17070061393157662
1949-09-01,TXn,-0.2335820895522387,-0.1574157596707417
1949-12-01,TXn,0.5201492537313435,-0.1437089895160041
1950-03-01,TXn,2.674074074074074,-0.1296841046175564
1950-06-01,TXn,2.6903703703703723,-0.11546610043438729
1950-09-01,TXn,1.6664179104477612,-0.1012014006584396
1950-12-01,TXn,-3.379850746268657,-0.08701052103365797
1951-03-01,TXn,-0.42592592592592604,-0.07298527128286922
1951-06-01,TXn,0.1903703703703723,-0.05934692183224025
1951-09-01,TXn,4.866417910447762,-0.046325611196879626
1951-12-01,TXn,3.720149253731343,-0.03408087679846597
1952-03-01,TXn,-2.225925925925926,-0.022694681151977564
1952-06-01,TXn,2.6903703703703723,-0.012313268205891684
1952-09-01,TXn,-1.8335820895522388,-0.003088002785823611
1952-12-01,TXn,1.9201492537313434,0.004909941002454707
1953-03-01,TXn,2.0740740740740744,0.011683023594823067
1953-06-01,TXn,-1.6096296296296284,0.017190822762342465
1953-09-01,TXn,0.06641791044776113,0.021356406061172156
1953-12-01,TXn,-4.379850746268656,0.02416752512635589
1954-03-01,TXn,-0.825925925925926,0.025575271885589432
1954-06-01,TXn,-1.0096296296296288,0.02543892637649056
1954-09-01,TXn,1.3664179104477614,0.023545742685761546
1954-12-01,TXn,1.120149253731343,0.01967850809131653
1955-03-01,TXn,-1.2259259259259259,0.013648281390399185
1955-06-01,TXn,-0.5096296296296288,0.005347547743048365
1955-09-01,TXn,1.466417910447761,-0.005163346706820667
1955-12-01,TXn,-7.679850746268657,-0.01772617778487003
1956-03-01,TXn,-0.825925925925926,-0.03216967203361868
1956-06-01,TXn,-2.3096296296296277,-0.04823825549466584
1956-09-01,TXn,-3.333582089552239,-0.06568084736003527
1956-12-01,TXn,2.120149253731343,-0.08429454739243922
1957-03-01,TXn,4.074074074074074,-0.10393710983325673
1957-06-01,TXn,-2.3096296296296277,-0.12450444946985327
1957-09-01,TXn,-0.2335820895522387,-0.14584668976878673
1957-12-01,TXn,1.5201492537313435,-0.16772507234165496
1958-03-01,TXn,-2.725925925925926,-0.18989351641058524
1958-06-01,TXn,0.7903703703703719,-0.21214292025646878
1958-09-01,TXn,-0.1335820895522386,-0.23428816824342402
1958-12-01,TXn,0.8201492537313433,-0.2560614041787656
1959-03-01,TXn,3.474074074074074,-0.2771156458436244
1959-06-01,TXn,1.6903703703703723,-0.2971943302716209
1959-09-01,TXn,-0.1335820895522386,-0.31621710129295794
1959-12-01,TXn,-2.079850746268657,-0.3341615652665072
1960-03-01,TXn,0.8740740740740742,-0.3510396083011502
1960-06-01,TXn,0.7903703703703719,-0.3668992542931832
1960-09-01,TXn,3.8664179104477614,-0.3817434877474479
1960-12-01,TXn,0.4201492537313434,-0.3955887674743774
1961-03-01,TXn,3.7740740740740737,-0.4084417021875537
1961-06-01,TXn,-2.709629629629628,-0.4202268079509159
1961-09-01,TXn,2.3664179104477614,-0.43087051789607883
1961-12-01,TXn,0.020149253731343464,-0.4403288833496605
1962-03-01,TXn,-2.6259259259259258,-0.4486481218489817
1962-06-01,TXn,-1.8096296296296277,-0.45595516560638527
1962-09-01,TXn,-1.6335820895522388,-0.4623623726675983
1962-12-01,TXn,-4.679850746268657,-0.46795307482265486
1963-03-01,TXn,-0.825925925925926,-0.4727209501650496
1963-06-01,TXn,-0.8096296296296277,-0.47661145237284286
1963-09-01,TXn,2.0664179104477616,-0.4796674438625592
1963-12-01,TXn,-0.1798507462686567,-0.48203106966346687
1964-03-01,TXn,-3.6259259259259258,-0.4838425099900565
1964-06-01,TXn,0.49037037037037123,-0.4852162354890194
1964-09-01,TXn,1.0664179104477611,-0.4863242484506376
1964-12-01,TXn,-1.079850746268657,-0.48732500286438274
1965-03-01,TXn,-4.525925925925926,-0.4883694530484016
1965-06-01,TXn,0.1903703703703723,-0.48951994897966805
1965-09-01,TXn,-3.633582089552239,-0.4907212772702791
1965-12-01,TXn,-2.7798507462686564,-0.49190334171720745
1966-03-01,TXn,-1.925925925925926,-0.4929912710964442
1966-06-01,TXn,-0.8096296296296277,-0.4939201951610211
1966-09-01,TXn,-1.1335820895522388,-0.49461252084430807
1966-12-01,TXn,0.12014925373134311,-0.4950094075984503
1967-03-01,TXn,2.7740740740740737,-0.4950742127750076
1967-06-01,TXn,0.6903703703703723,-0.4947832418837208
1967-09-01,TXn,-0.2335820895522387,-0.49408070113782615
1967-12-01,TXn,0.7201492537313432,-0.4928392335435397
1968-03-01,TXn,0.574074074074074,-0.49084840264419727
1968-06-01,TXn,-0.10962962962962841,-0.48796039644919836
1968-09-01,TXn,-4.133582089552239,-0.4840755109710092
1968-12-01,TXn,-1.9798507462686565,-0.4791796768749077
1969-03-01,TXn,-1.025925925925926,-0.47337595644176544
1969-06-01,TXn,-0.4096296296296291,-0.46669833895347446
1969-09-01,TXn,-1.5335820895522387,-0.45912369533159
1969-12-01,TXn,-2.1798507462686567,-0.45067718098787973
1970-03-01,TXn,-1.525925925925926,-0.4413868032219576
1970-06-01,TXn,0.7903703703703719,-0.431293137632792
1970-09-01,TXn,3.466417910447761,-0.42043526640378664
1970-12-01,TXn,0.3201492537313433,-0.4088394798235316
1971-03-01,TXn,-5.825925925925926,-0.3965486805251823
1971-06-01,TXn,-1.709629629629628,-0.3836033453983696
1971-09-01,TXn,-1.2335820895522387,-0.36998839404500283
1971-12-01,TXn,-0.7798507462686564,-0.35563995021704786
1972-03-01,TXn,-0.12592592592592577,-0.3405264080410478
1972-06-01,TXn,-0.7096296296296281,-0.32466682196239105
1972-09-01,TXn,-0.1335820895522386,-0.30814795884202767
1972-12-01,TXn,2.4201492537313434,-0.2910855361352027
1973-03-01,TXn,2.174074074074074,-0.27352815048379187
1973-06-01,TXn,1.790370370370372,-0.2556048177484757
1973-09-01,TXn,-0.7335820895522387,-0.23746253650098134
1973-12-01,TXn,-2.2798507462686564,-0.21930755717500475
1974-03-01,TXn,0.47407407407407387,-0.2013511600997989
1974-06-01,TXn,-1.709629629629628,-0.18376813675260847
1974-09-01,TXn,3.0664179104477616,-0.16673775417635459
1974-12-01,TXn,7.920149253731343,-0.15040990441696322
1975-03-01,TXn,-0.925925925925926,-0.1348932967837964
1975-06-01,TXn,-1.4096296296296291,-0.12045661903084581
1975-09-01,TXn,-1.2335820895522387,-0.10743917977624134
1975-12-01,TXn,-0.3798507462686569,-0.09611677004931392
1976-03-01,TXn,-2.6259259259259258,-0.08661933412269755
1976-06-01,TXn,-0.7096296296296281,-0.07896076131000873
1976-09-01,TXn,0.46641791044776104,-0.07312549249620237
1976-12-01,TXn,1.3201492537313433,-0.0690312113132146
1977-03-01,TXn,2.0740740740740744,-0.06651985492605414
1977-06-01,TXn,-0.009629629629628766,-0.06533742522891808
1977-09-01,TXn,-1.4335820895522389,-0.06525078520022702
1977-12-01,TXn,1.620149253731343,-0.06604871471312738
1978-03-01,TXn,1.5740740740740744,-0.0675860759887381
1978-06-01,TXn,-0.4096296296296291,-0.0697187261827841
1978-09-01,TXn,-3.0335820895522385,-0.0723233618837054
1978-12-01,TXn,-4.279850746268656,-0.07531516111359361
1979-03-01,TXn,0.47407407407407387,-0.07867609344744447
1979-06-01,TXn,0.6903703703703723,-0.0824342524319424
1979-09-01,TXn,1.1664179104477612,-0.0865635867211782
1979-12-01,TXn,1.620149253731343,-0.09106314687936133
1980-03-01,TXn,-0.12592592592592577,-0.09590867328535298
1980-06-01,TXn,-0.6096296296296284,-0.10098704128010319
1980-09-01,TXn,-4.633582089552238,-0.10608406896038765
1980-12-01,TXn,2.9201492537313434,-0.1109286449052994
1981-03-01,TXn,-1.2259259259259259,-0.11525300944003082
1981-06-01,TXn,-2.0096296296296288,-0.11885230203898789
1981-09-01,TXn,1.1664179104477612,-0.12158749405108933
1981-12-01,TXn,-3.079850746268657,-0.12335203614224467
1982-03-01,TXn,2.7740740740740737,-0.12414372552013343
1982-06-01,TXn,1.9903703703703712,-0.12395954848915328
1982-09-01,TXn,1.8664179104477614,-0.12276953973433503
1982-12-01,TXn,1.8201492537313433,-0.12051077024474503
1983-03-01,TXn,0.27407407407407414,-0.11699657146054615
1983-06-01,TXn,2.790370370370372,-0.11200245967471835
1983-09-01,TXn,-0.03358208955223896,-0.10541407724831596
1983-12-01,TXn,3.0201492537313435,-0.09723460544440514
1984-03-01,TXn,-0.5259259259259261,-0.08751240787884489
1984-06-01,TXn,-0.9096296296296291,-0.07639926775858553
1984-09-01,TXn,4.4664179104477615,-0.06411749395191697
1984-12-01,TXn,-4.879850746268656,-0.05095407820068667
1985-03-01,TXn,-2.225925925925926,-0.03725943461301151
1985-06-01,TXn,-1.9096296296296291,-0.023403469795240047
1985-09-01,TXn,-4.633582089552238,-0.009598806517220644
1985-12-01,TXn,-1.879850746268657,0.004053092850101341
1986-03-01,TXn,-2.1259259259259258,0.01748192603928335
1986-06-01,TXn,-1.709629629629628,0.03062254208179908
1986-09-01,TXn,3.666417910447761,0.04342520113391722
1986-12-01,TXn,-5.879850746268656,0.05580287272283764
1987-03-01,TXn,-5.025925925925926,0.06764779372357721
1987-06-01,TXn,-0.5096296296296288,0.07903654480239315
1987-09-01,TXn,0.5664179104477611,0.09013206095936778
1987-12-01,TXn,1.8201492537313433,0.10109118868522399
1988-03-01,TXn,-0.02592592592592613,0.11204295902934047
1988-06-01,TXn,0.6903703703703723,0.12314773332974879
1988-09-01,TXn,-1.5335820895522387,0.13453409186848836
1988-12-01,TXn,4.5201492537313435,0.14628706192532143
1989-03-01,TXn,1.174074074074074,0.15852710228745207
1989-06-01,TXn,-0.5096296296296288,0.17138144535771346
1989-09-01,TXn,-2.033582089552239,0.18493485416490557
1989-12-01,TXn,4.320149253731343,0.19924855688367357
1990-03-01,TXn,2.2740740740740737,0.2143950266362663
1990-06-01,TXn,1.1903703703703723,0.2304856033603995
1990-09-01,TXn,-0.43358208955223887,0.24765656301232686
1990-12-01,TXn,-2.879850746268657,0.2660543486096555
1991-03-01,TXn,2.674074074074074,0.2858239614865867
1991-06-01,TXn,-3.409629629629629,0.3070144035875076
1991-09-01,TXn,0.8664179104477614,0.3296508275998352
1991-12-01,TXn,2.8201492537313433,0.35379562855894675
1992-03-01,TXn,3.3740740740740742,0.3795233438043122
1992-06-01,TXn,1.790370370370372,0.40689241618038446
1992-09-01,TXn,3.266417910447761,0.4358996438688823
1992-12-01,TXn,0.9201492537313434,0.4665028777860209
1993-03-01,TXn,-1.825925925925926,0.4985794042959706
1993-06-01,TXn,0.7903703703703719,0.5319988557731589
1993-09-01,TXn,-5.133582089552238,0.5665155769932896
1993-12-01,TXn,2.0201492537313435,0.6018004988100003
1994-03-01,TXn,3.7740740740740737,0.6374907560528107
1994-06-01,TXn,0.29037037037037194,0.6731393948831961
1994-09-01,TXn,3.8664179104477614,0.7082451747467042
1994-12-01,TXn,1.9201492537313434,0.7423171904518874
1995-03-01,TXn,1.174074074074074,0.7749784449836443
1995-06-01,TXn,-1.9096296296296291,0.8059513963340023
1995-09-01,TXn,2.666417910447761,0.8350114775011332
1995-12-01,TXn,-2.4798507462686565,0.8620137455693664
1996-03-01,TXn,-1.025925925925926,0.8868857302950336
1996-06-01,TXn,-1.3096296296296277,0.9096753719420603
1996-09-01,TXn,-0.1335820895522386,0.930465460158838
1996-12-01,TXn,-6.279850746268656,0.949358259895713
1997-03-01,TXn,5.374074074074073,0.9665465592743167
1997-06-01,TXn,1.8903703703703716,0.9822122962952172
1997-09-01,TXn,0.6664179104477612,0.996573442068939
1997-12-01,TXn,2.620149253731343,1.0098806250959704
1998-03-01,TXn,2.174074074074074,1.022399757994731
1998-06-01,TXn,2.290370370370372,1.0343553980982836
1998-09-01,TXn,-3.433582089552239,1.045892503418197
1998-12-01,TXn,1.9201492537313434,1.0571170763750586
1999-03-01,TXn,1.8740740740740742,1.0681347527655323
1999-06-01,TXn,1.1903703703703723,1.0789664004157185
1999-09-01,TXn,-0.5335820895522387,1.0895700936052362
1999-12-01,TXn,4.220149253731344,1.0999082632916504
2000-03-01,TXn,2.474074074074074,1.1100031848015819
2000-06-01,TXn,0.29037037037037194,1.1198545195805232
2000-09-01,TXn,4.166417910447761,1.1294510255512609
2000-12-01,TXn,2.8201492537313433,1.138754524970401
2001-03-01,TXn,-2.1259259259259258,1.147665001833921
2001-06-01,TXn,-0.10962962962962841,1.1560915711374864
2001-09-01,TXn,2.466417910447761,1.163919201445089
2001-12-01,TXn,2.620149253731343,1.17104367065362
2002-03-01,TXn,0.7740740740740741,1.1773880289379814
2002-06-01,TXn,0.9903703703703712,1.183066244555962
2002-09-01,TXn,5.366417910447762,1.1883022339799576
2002-12-01,TXn,0.3201492537313433,1.1933342394801811
2003-03-01,TXn,2.2740740740740737,1.1983279437153824
2003-06-01,TXn,3.590370370370371,1.2033726143180847
2003-09-01,TXn,2.0664179104477616,1.2085514420352785
2003-12-01,TXn,1.3201492537313433,1.2138306087637252
2004-03-01,TXn,-0.925925925925926,1.2191291289634683
2004-06-01,TXn,2.290370370370372,1.224392350262863
2004-09-01,TXn,2.466417910447761,1.2296020396893526
2004-12-01,TXn,2.620149253731343,1.2347486043666054
2005-03-01,TXn,-3.725925925925926,1.239852877198331
2005-06-01,TXn,0.7903703703703719,1.2449591855525486
2005-09-01,TXn,-0.7335820895522387,1.2501423535022789
2005-12-01,TXn,1.120149253731343,1.2554646104853269
2006-03-01,TXn,-1.925925925925926,1.2608563540089472
2006-06-01,TXn,-1.6096296296296284,1.266192694885224
2006-09-01,TXn,5.26641791044776,1.2713132281827313
2006-12-01,TXn,3.9201492537313434,1.2761150638105907
2007-03-01,TXn,2.5740740740740744,1.2805817042406427
2007-06-01,TXn,1.8903703703703716,1.2847928313313426
2007-09-01,TXn,3.166417910447761,1.2889166128063037
2007-12-01,TXn,3.620149253731343,1.2931496352618865
2008-03-01,TXn,1.074074074074074,1.2977429296420515
2008-06-01,TXn,-0.009629629629628766,1.3029607846877238
2008-09-01,TXn,-0.03358208955223896,1.3090459985504395
2008-12-01,TXn,-1.9798507462686565,1.3161716366755631
2009-03-01,TXn,3.7740740740740737,1.3244129871169108
2009-06-01,TXn,1.4903703703703712,1.333677155410717
2009-09-01,TXn,4.9664179104477615,1.3438866561469303
2009-12-01,TXn,0.9201492537313434,1.3549725052952133
2010-03-01,TXn,-1.325925925925926,1.3668517627828247
2010-06-01,TXn,0.3903703703703716,1.3794965338960787
2010-09-01,TXn,-4.333582089552239,1.3928971626941284
2010-12-01,TXn,-0.6798507462686567,1.407092681175306
2011-03-01,TXn,2.5740740740740744,1.4221042710695746
2011-06-01,TXn,1.1903703703703723,1.4379578436470892
2011-09-01,TXn,4.76641791044776,1.4546385638645132
2011-12-01,TXn,-1.7798507462686564,1.4720908659812426
2012-03-01,TXn,1.7740740740740737,1.4901723593021983
2012-06-01,TXn,0.09037037037037088,1.5087942749097114
2012-09-01,TXn,0.06641791044776113,1.527938371932719
2012-12-01,TXn,-0.5798507462686571,1.5475431876165628
2013-03-01,TXn,-4.125925925925926,1.5675666044405485
2013-06-01,TXn,1.5903703703703709,1.588023470378253
2013-09-01,TXn,1.7664179104477609,1.608918049045636
2013-12-01,TXn,8.420149253731342,1.630217914233224
2014-03-01,TXn,3.7740740740740737,1.6518570788844653
2014-06-01,TXn,2.1903703703703723,1.6737601768230161
2014-09-01,TXn,0.5664179104477611,1.6969789138059486
2014-12-01,TXn,1.5201492537313435,1.7193487822547475
2015-03-01,TXn,3.3740740740740742,1.7412355891361333
2015-06-01,TXn,0.6903703703703723,1.762917219921691
2015-09-01,TXn,2.3664179104477614,1.7845761759037586
2015-12-01,TXn,2.9201492537313434,1.806324749571183
2016-03-01,TXn,1.8740740740740742,1.8282242440304817
2016-06-01,TXn,1.3903703703703716,1.8503018571643053
2016-09-01,TXn,1.3664179104477614,1.8725659939928085
2016-12-01,TXn,1.9201492537313434,1.8950156219041536
2017-03-01,TXn,4.674074074074074,1.9176447215952046
2017-06-01,TXn,3.090370370370371,1.9404427671175921
2017-09-01,TXn,0.7664179104477613,1.96339273254952
2017-12-01,TXn,1.620149253731343,1.9864756288584176
2018-03-01,TXn,-4.625925925925926,2.009675152656881
2018-06-01,TXn,3.8903703703703716,2.0329792823288515
2018-09-01,TXn,2.0664179104477616,2.056384908867149
2018-12-01,TXn,3.5201492537313435,2.0798875965415666
2019-03-01,TXn,4.674074074074074,2.1034811074093196
2019-06-01,TXn,3.8903703703703716,2.1271562048092845
2019-09-01,TXn,2.966417910447761,2.1508996405261795
2019-12-01,TXn,5.420149253731344,2.1746957496502066
2020-03-01,TXn,3.974074074074074,2.198527463418853
2020-06-01,TXn,1.3903703703703716,2.2223743894840213
2020-09-01,TXn,0.966417910447761,2.246215017919962
2020-12-01,TXn,-0.27985074626865636,2.2700304102492583
2021-03-01,TXn,2.7740740740740737,2.29380556110424
2021-06-01,TXn,1.790370370370372,2.3175297312310827
2021-09-01,TXn,1.8664179104477614,2.34119325355086
2021-12-01,TXn,4.820149253731343,2.364787749439897
2022-03-01,TXn,-0.12592592592592577,2.388305396997015
2022-06-01,TXn,3.8903703703703716,2.4117369323865216
2022-09-01,TXn,3.666417910447761,2.4350755592612905
2022-12-01,TXn,3.9201492537313434,2.458313564003896
2023-03-01,TXn,0.17407407407407405,2.4814413869128393
2023-06-01,TXn,2.6903703703703723,2.50444865504458
2023-09-01,TXn,-0.1335820895522386,2.527328033976181
2023-12-01,TXn,2.5201492537313435,2.5500740535169752
2024-03-01,TXn,5.774074074074074,2.5726850644767922
2024-06-01,TXn,-0.009629629629628766,2.595159514971549
2024-09-01,TXn,0.3664179104477614,2.617492742619066
2024-12-01,TXn,2.720149253731343,2.6396836957709717
2025-03-01,TXn,3.174074074074074,2.661735514971881
2025-06-01,TXn,3.090370370370371,2.683651905987103
2025-09-01,TXn,0.46641791044776104,2.705435713385951
2025-12-01,TXn,2.720149253731343,2.727089894391143
2026-03-01,TXn,3.974074074074074,2.7486206311862778
2026-06-01,TXn,3.090370370370371,2.770034409733327
1892-03-01,TNn,-5.582962962962963,-1.5443248440020616
1892-06-01,TNn,-2.615555555555556,-1.5263518133519385
1892-09-01,TNn,0.622388059701493,-1.5085772421777128
1892-12-01,TNn,-5.914179104477613,-1.4909932421264267
1893-03-01,TNn,2.0170370370370367,-1.4735928425905653
1893-06-01,TNn,-2.315555555555556,-1.456364179327984
1893-09-01,TNn,-0.5776119402985072,-1.4392982083934822
1893-12-01,TNn,-4.314179104477613,-1.422385902907147
1894-03-01,TNn,2.0170370370370367,-1.4056177947568693
1894-06-01,TNn,0.7844444444444436,-1.388981442519014
1894-09-01,TNn,1.022388059701493,-1.3724684663503735
1894-12-01,TNn,-8.614179104477614,-1.356075193709422
1895-03-01,TNn,-4.982962962962963,-1.3397994184307866
1895-06-01,TNn,-2.115555555555556,-1.3236287738982875
1895-09-01,TNn,-0.877611940298507,-1.3075429311755142
1895-12-01,TNn,-1.914179104477613,-1.2915187085616495
1896-03-01,TNn,2.1170370370370373,-1.2755321781409659
1896-06-01,TNn,0.2844444444444436,-1.2595589555578623
1896-09-01,TNn,-4.177611940298506,-1.2435783716042292
1896-12-01,TNn,2.9858208955223873,-1.2275712584971117
1897-03-01,TNn,2.317037037037037,-1.2115160269239642
1897-06-01,TNn,0.38444444444444414,-1.1953958212253877
1897-09-01,TNn,-3.9776119402985075,-1.179199712242305
1897-12-01,TNn,3.4858208955223873,-1.162919193850392
1898-03-01,TNn,-0.38296296296296317,-1.1465445753022971
1898-06-01,TNn,-0.815555555555556,-1.1300716897451561
1898-09-01,TNn,0.7223880597014927,-1.1134998379682335
1898-12-01,TNn,2.285820895522387,-1.0968308325550433
1899-03-01,TNn,-3.982962962962963,-1.08007169211376
1899-06-01,TNn,-0.01555555555555621,-1.063235923634368
1899-09-01,TNn,1.722388059701493,-1.0463377449653557
1899-12-01,TNn,-6.014179104477613,-1.0293960787695102
1900-03-01,TNn,-1.182962962962963,-1.012436553254536
1900-06-01,TNn,1.2844444444444436,-0.9954834717617564
1900-09-01,TNn,1.3223880597014928,-0.978564813588991
1900-12-01,TNn,-5.314179104477613,-0.9617190567650468
1901-03-01,TNn,-2.682962962962963,-0.9449960540840132
1901-06-01,TNn,-0.31555555555555603,-0.9284491819100367
1901-09-01,TNn,-1.5776119402985072,-0.9121392771440702
1901-12-01,TNn,-1.914179104477613,-0.8961426174642606
1902-03-01,TNn,2.317037037037037,-0.8805546884390845
1902-06-01,TNn,-2.915555555555556,-0.8654980438155089
1902-09-01,TNn,-5.677611940298506,-0.8511388563593204
1902-12-01,TNn,-2.3141791044776134,-0.8376882303586298
1903-03-01,TNn,0.7170370370370369,-0.8254027843950729
1903-06-01,TNn,-1.7155555555555564,-0.8145931645731017
1903-09-01,TNn,-0.9776119402985071,-0.8056105050061491
1903-12-01,TNn,-0.014179104477612725,-0.7987622998241196
1904-03-01,TNn,-3.482962962962963,-0.7941237931889249
1904-06-01,TNn,0.2844444444444436,-0.7847659390677634
1904-09-01,TNn,-0.377611940298507,-0.7753989208495421
1904-12-01,TNn,-1.5141791044776127,-0.7660539720645917
1905-03-01,TNn,1.517037037037037,-0.7567672264426072
1905-06-01,TNn,2.2844444444444436,-0.7477106727631435
1905-09-01,TNn,-0.07761194029850715,-0.7390404856206613
1905-12-01,TNn,2.8858208955223876,-0.7308287587483899
1906-03-01,TNn,-0.182962962962963,-0.7230578434429409
1906-06-01,TNn,-0.9155555555555557,-0.7157142416731411
1906-09-01,TNn,0.8223880597014928,-0.7087277265215018
1906-12-01,TNn,-3.8141791044776134,-0.7019509131426459
1907-03-01,TNn,0.817037037037037,-0.6952170296628422
1907-06-01,TNn,-0.5155555555555562,-0.6884948629412325
1907-09-01,TNn,0.42238805970149285,-0.6818260401406245
1907-12-01,TNn,-3.5141791044776127,-0.6752862440304935
1908-03-01,TNn,0.4170370370370371,-0.6689654479651427
1908-06-01,TNn,-1.4155555555555557,-0.6628785678523886
1908-09-01,TNn,-3.077611940298507,-0.6569643185811869
1908-12-01,TNn,-5.314179104477613,-0.6511909658608306
1909-03-01,TNn,-4.982962962962963,-0.6456493965845482
1909-06-01,TNn,-0.5155555555555562,-0.6404084788201237
1909-09-01,TNn,-3.4776119402985075,-0.6354594344956126
1909-12-01,TNn,3.4858208955223873,-0.6308232803356233
1910-03-01,TNn,0.817037037037037,-0.6266909980274771
1910-06-01,TNn,2.4844444444444447,-0.6232557821065917
1910-09-01,TNn,-1.2776119402985073,-0.6206770371973939
1910-12-01,TNn,-0.11417910447761237,-0.6191064283585596
1911-03-01,TNn,-1.2829629629629626,-0.6186308735385436
1911-06-01,TNn,-2.015555555555556,-0.6191607995998273
1911-09-01,TNn,1.222388059701493,-0.6205713255462941
1911-12-01,TNn,-4.914179104477613,-0.6227445902374105
1912-03-01,TNn,2.217037037037037,-0.6255469251219176
1912-06-01,TNn,2.3844444444444433,-0.6288960418109032
1912-09-01,TNn,1.4223880597014928,-0.6327097591206985
1912-12-01,TNn,2.6858208955223875,-0.6368632696851038
1913-03-01,TNn,1.1170370370370368,-0.6411944881148791
1913-06-01,TNn,-0.4155555555555557,-0.6455529891463916
1913-09-01,TNn,3.3223880597014928,-0.6498815438982799
1913-12-01,TNn,-2.1141791044776124,-0.6541493775916508
1914-03-01,TNn,2.817037037037037,-0.6583724417793821
1914-06-01,TNn,-1.815555555555556,-0.6625422309329344
1914-09-01,TNn,-4.677611940298506,-0.6665796846719173
1914-12-01,TNn,1.585820895522387,-0.6704071305610666
1915-03-01,TNn,-1.3829629629629632,-0.6739529565366447
1915-06-01,TNn,0.684444444444444,-0.6771128280390987
1915-09-01,TNn,-7.477611940298507,-0.6797489997022751
1915-12-01,TNn,4.285820895522387,-0.681758373314141
1916-03-01,TNn,0.21703703703703692,-0.6830966462673004
1916-06-01,TNn,-3.015555555555556,-0.6838487649235677
1916-09-01,TNn,-0.7776119402985073,-0.6842150733037291
1916-12-01,TNn,-6.714179104477612,-0.6844406906789209
1917-03-01,TNn,-3.382962962962963,-0.6848260640413882
1917-06-01,TNn,1.4844444444444438,-0.6857966407131134
1917-09-01,TNn,2.1223880597014926,-0.6877978666268109
1917-12-01,TNn,0.285820895522388,-0.6911775719062508
1918-03-01,TNn,-1.3829629629629632,-0.6961452001707824
1918-06-01,TNn,-1.1155555555555559,-0.7027267009327807
1918-09-01,TNn,-2.677611940298507,-0.7108270326202193
1918-12-01,TNn,-4.314179104477613,-0.7202793543637777
1919-03-01,TNn,0.5170370370370372,-0.7308445866452379
1919-06-01,TNn,-0.6155555555555559,-0.742302603521407
1919-09-01,TNn,-1.877611940298507,-0.7544915635232947
1919-12-01,TNn,4.585820895522387,-0.7672316079222397
1920-03-01,TNn,2.5170370370370367,-0.78032815659405
1920-06-01,TNn,-0.6155555555555559,-0.7936044375912755
1920-09-01,TNn,-2.877611940298507,-0.8068768049902666
1920-12-01,TNn,-1.3141791044776134,-0.819899900403203
1921-03-01,TNn,0.5170370370370372,-0.8324012072650047
1921-06-01,TNn,-0.9155555555555557,-0.8441879167035558
1921-09-01,TNn,-7.777611940298506,-0.855140849625514
1921-12-01,TNn,-2.6141791044776124,-0.8651721535788818
1922-03-01,TNn,-0.4829629629629628,-0.874235802384137
1922-06-01,TNn,-1.1155555555555559,-0.8822837025266158
1922-09-01,TNn,-2.2776119402985073,-0.8892395883022032
1922-12-01,TNn,4.785820895522387,-0.8949637767898884
1923-03-01,TNn,1.917037037037037,-0.8993188525917589
1923-06-01,TNn,-2.515555555555556,-0.9021916301332311
1923-09-01,TNn,-1.9776119402985075,-0.9035511259994479
1923-12-01,TNn,-1.1141791044776124,-0.9034042292465911
1924-03-01,TNn,0.4170370370370371,-0.9017780224825793
1924-06-01,TNn,-0.6155555555555559,-0.8987957574500557
1924-09-01,TNn,-2.4776119402985075,-0.8946148261538952
1924-12-01,TNn,3.785820895522387,-0.8894637236123877
1925-03-01,TNn,-4.1829629629629625,-0.88356000104961
1925-06-01,TNn,-1.315555555555556,-0.8770197363221116
1925-09-01,TNn,-3.4776119402985075,-0.8699022196271706
1925-12-01,TNn,-0.014179104477612725,-0.8622648196319356
1926-03-01,TNn,-0.4829629629629628,-0.8541014805264405
1926-06-01,TNn,-1.7155555555555564,-0.8453952345615009
1926-09-01,TNn,2.022388059701493,-0.8360845486774826
1926-12-01,TNn,3.8858208955223876,-0.8261233175244085
1927-03-01,TNn,1.517037037037037,-0.8155476569017079
1927-06-01,TNn,0.2844444444444436,-0.8044796951856077
1927-09-01,TNn,-1.2776119402985073,-0.79307366695974
1927-12-01,TNn,-5.014179104477613,-0.7815036077346385
1928-03-01,TNn,-1.8829629629629632,-0.7700307196205225
1928-06-01,TNn,-2.415555555555556,-0.7589245635298298
1928-09-01,TNn,-1.7776119402985073,-0.7483570646735852
1928-12-01,TNn,-8.014179104477613,-0.7384391299835597
1929-03-01,TNn,-5.582962962962963,-0.729254902863779
1929-06-01,TNn,-0.9155555555555557,-0.7209134204648513
1929-09-01,TNn,2.222388059701493,-0.7135186154301935
1929-12-01,TNn,2.9858208955223873,-0.7071357863439136
1930-03-01,TNn,2.1170370370370373,-0.7018036492603866
1930-06-01,TNn,1.184444444444444,-0.6976203486156186
1930-09-01,TNn,0.9223880597014928,-0.694648988043232
1930-12-01,TNn,0.5858208955223869,-0.6928963035387871
1931-03-01,TNn,-5.782962962962962,-0.6923485818910716
1931-06-01,TNn,-0.6155555555555559,-0.6929763701397592
1931-09-01,TNn,-3.4776119402985075,-0.6946784839598023
1931-12-01,TNn,-0.11417910447761237,-0.6973359439917529
1932-03-01,TNn,-3.482962962962963,-0.7008234921104275
1932-06-01,TNn,0.2844444444444436,-0.7049075539879404
1932-09-01,TNn,1.022388059701493,-0.7093085969285505
1932-12-01,TNn,-1.6141791044776124,-0.7137336233295519
1933-03-01,TNn,1.1170370370370368,-0.7179149780898685
1933-06-01,TNn,-0.11555555555555586,-0.721638280960194
1933-09-01,TNn,0.12238805970149302,-0.7246321298533955
1933-12-01,TNn,-2.714179104477612,-0.7266389418684764
1934-03-01,TNn,-0.4829629629629628,-0.7275297990587374
1934-06-01,TNn,0.8844444444444441,-0.7272678071581783
1934-09-01,TNn,-0.47761194029850706,-0.7258586877753849
1934-12-01,TNn,1.4858208955223873,-0.7233396031603224
1935-03-01,TNn,-2.2829629629629626,-0.7198073131176244
1935-06-01,TNn,1.0844444444444443,-0.7153801135479089
1935-09-01,TNn,0.12238805970149302,-0.7101675804018839
1935-12-01,TNn,0.785820895522388,-0.7042693174415936
1936-03-01,TNn,1.417037037037037,-0.6977924504248104
1936-06-01,TNn,-4.915555555555556,-0.6908559939152353
1936-09-01,TNn,-0.7776119402985073,-0.683531669126511
1936-12-01,TNn,4.1858208955223875,-0.6758754846311034
1937-03-01,TNn,1.417037037037037,-0.6679590125633503
1937-06-01,TNn,-0.4155555555555557,-0.6598094203378805
1937-09-01,TNn,0.5223880597014929,-0.6515597297610295
1937-12-01,TNn,0.9858208955223873,-0.6434255082595289
1938-03-01,TNn,-0.0829629629629629,-0.6356789378102987
1938-06-01,TNn,-0.4155555555555557,-0.6285963202090842
1938-09-01,TNn,1.3223880597014928,-0.622453285249612
1938-12-01,TNn,-5.314179104477613,-0.6175231878739225
1939-03-01,TNn,-1.2829629629629626,-0.6140644641159779
1939-06-01,TNn,-3.115555555555556,-0.6122929806962039
1939-09-01,TNn,0.022388059701492935,-0.6122980190455826
1939-12-01,TNn,-8.914179104477611,-0.6139985144093515
1940-03-01,TNn,-0.4829629629629628,-0.6171740527861705
1940-06-01,TNn,-0.11555555555555586,-0.621540619378381
1940-09-01,TNn,-2.377611940298507,-0.6267766421038543
1940-12-01,TNn,-0.714179104477612,-0.6325746519487155
1941-03-01,TNn,0.5170370370370372,-0.6386565159323194
1941-06-01,TNn,-1.9155555555555561,-0.6448617456681504
1941-09-01,TNn,-1.7776119402985073,-0.6511681192333997
1941-12-01,TNn,-8.114179104477614,-0.6576105460472997
1942-03-01,TNn,-0.182962962962963,-0.6642020238407995
1942-06-01,TNn,-0.01555555555555621,-0.6709346933229451
1942-09-01,TNn,0.32238805970149276,-0.6777225092267295
1942-12-01,TNn,2.585820895522387,-0.684417762790524
1943-03-01,TNn,2.0170370370370367,-0.6908078182920505
1943-06-01,TNn,0.8844444444444441,-0.6966818617563453
1943-09-01,TNn,0.5223880597014929,-0.701974381493226
1943-12-01,TNn,2.4858208955223873,-0.7066807862893917
1944-03-01,TNn,-2.882962962962963,-0.7108479788590966
1944-06-01,TNn,-0.11555555555555586,-0.7146119501310396
1944-09-01,TNn,1.522388059701493,-0.7181348905696153
1944-12-01,TNn,-4.114179104477612,-0.7215536211772557
1945-03-01,TNn,2.5170370370370367,-0.7249686455045778
1945-06-01,TNn,-1.0155555555555562,-0.7283697654616951
1945-09-01,TNn,0.42238805970149285,-0.7316588419924559
1945-12-01,TNn,-0.9141791044776131,-0.7347066559092162
1946-03-01,TNn,-0.7829629629629626,-0.7373581073716434
1946-06-01,TNn,1.0844444444444443,-0.739480408862215
1946-09-01,TNn,0.32238805970149276,-0.7410187015180331
1946-12-01,TNn,-4.714179104477612,-0.7419349257051066
1947-03-01,TNn,-3.882962962962963,-0.7421867502266103
1947-06-01,TNn,1.0844444444444443,-0.7416621518120337
1947-09-01,TNn,0.5223880597014929,-0.7402641661553397
1947-12-01,TNn,-1.1141791044776124,-0.7379268912490288
1948-03-01,TNn,1.817037037037037,-0.7346184820778258
1948-06-01,TNn,-0.6155555555555559,-0.7303607983710431
1948-09-01,TNn,-0.6776119402985072,-0.7252032651243883
1948-12-01,TNn,0.8858208955223876,-0.7193066804345205
1949-03-01,TNn,-3.682962962962963,-0.7128484696169121
1949-06-01,TNn,-2.915555555555556,-0.705924491518551
1949-09-01,TNn,-0.7776119402985073,-0.6985749672557612
1949-12-01,TNn,-0.4141791044776131,-0.6908434066592372
1950-03-01,TNn,-0.8829629629629632,-0.6827796436390099
1950-06-01,TNn,0.7844444444444436,-0.6744327603692608
1950-09-01,TNn,-1.877611940298507,-0.6658633975266358
1950-12-01,TNn,-6.914179104477611,-0.6571627987559624
1951-03-01,TNn,-1.182962962962963,-0.6484004160605273
1951-06-01,TNn,1.184444444444444,-0.6397233705967251
1951-09-01,TNn,2.622388059701493,-0.6312437581023865
1951-12-01,TNn,1.285820895522388,-0.623004928461054
1952-03-01,TNn,1.317037037037037,-0.6149793109225451
1952-06-01,TNn,-1.2155555555555564,-0.6072561675942119
1952-09-01,TNn,-1.377611940298507,-0.599952381368631
1952-12-01,TNn,1.085820895522387,-0.5931164543144813
1953-03-01,TNn,0.11703703703703683,-0.5867286978926348
1953-06-01,TNn,-0.5155555555555562,-0.5807519230550862
1953-09-01,TNn,0.5223880597014929,-0.5751380438282792
1953-12-01,TNn,-5.114179104477612,-0.5698335156337896
1954-03-01,TNn,0.7170370370370369,-0.5648607056306314
1954-06-01,TNn,-1.0155555555555562,-0.5603965177573784
1954-09-01,TNn,0.022388059701492935,-0.556611278781505
1954-12-01,TNn,-1.414179104477613,-0.5536400991781173
1955-03-01,TNn,-4.982962962962963,-0.5516033354109261
1955-06-01,TNn,-3.315555555555556,-0.5505391249042201
1955-09-01,TNn,-0.7776119402985073,-0.5503745456411718
1955-12-01,TNn,-6.914179104477611,-0.5509920842577042
1956-03-01,TNn,-1.2829629629629626,-0.5522445483019284
1956-06-01,TNn,-1.2155555555555564,-0.5539350909908879
1956-09-01,TNn,-3.2776119402985073,-0.5558759273793136
1956-12-01,TNn,3.785820895522387,-0.5578844535978339
1957-03-01,TNn,2.1170370370370373,-0.5597943178081508
1957-06-01,TNn,-0.2155555555555564,-0.561544723342894
1957-09-01,TNn,1.022388059701493,-0.5630582506319479
1957-12-01,TNn,2.585820895522387,-0.5642517755921497
1958-03-01,TNn,-2.982962962962963,-0.5650431477458417
1958-06-01,TNn,0.4844444444444438,-0.565372173050177
1958-09-01,TNn,0.5223880597014929,-0.5651926823111628
1958-12-01,TNn,3.4858208955223873,-0.5643750667253163
1959-03-01,TNn,1.817037037037037,-0.5627285571529457
1959-06-01,TNn,0.4844444444444438,-0.5601963336380638
1959-09-01,TNn,1.4223880597014928,-0.5569286480843096
1959-12-01,TNn,-2.1141791044776124,-0.5530902799450593
1960-03-01,TNn,0.9170370370370371,-0.5488270703314337
1960-06-01,TNn,-0.2155555555555564,-0.5442749558289691
1960-09-01,TNn,2.7223880597014927,-0.5395270013849195
1960-12-01,TNn,2.585820895522387,-0.534632178746481
1961-03-01,TNn,1.817037037037037,-0.5295600438998697
1961-06-01,TNn,0.4844444444444438,-0.5241749434629743
1961-09-01,TNn,0.022388059701492935,-0.5183718735889927
1961-12-01,TNn,-1.0141791044776127,-0.5121189212522997
1962-03-01,TNn,-1.182962962962963,-0.5054496832331694
1962-06-01,TNn,-4.2155555555555555,-0.49842265848872913
1962-09-01,TNn,-2.077611940298507,-0.49107297172915787
1962-12-01,TNn,-7.114179104477614,-0.4833950734446463
1963-03-01,TNn,-1.2829629629629626,-0.4753513686878871
1963-06-01,TNn,0.08444444444444432,-0.4669258497736713
1963-09-01,TNn,1.4223880597014928,-0.45818007733184135
1963-12-01,TNn,-2.6141791044776124,-0.4492898727989886
1964-03-01,TNn,-2.882962962962963,-0.44045919452212995
1964-06-01,TNn,-0.7155555555555564,-0.4318706996766051
1964-09-01,TNn,2.022388059701493,-0.4237051464137755
1964-12-01,TNn,-1.3141791044776134,-0.4161574590891775
1965-03-01,TNn,-3.182962962962963,-0.4093988653069021
1965-06-01,TNn,-0.6155555555555559,-0.4035457388481337
1965-09-01,TNn,-3.577611940298507,-0.39862956116346804
1965-12-01,TNn,-4.414179104477613,-0.39460385094034867
1966-03-01,TNn,1.217037037037037,-0.3913434527885952
1966-06-01,TNn,0.8844444444444441,-0.3886977659523356
1966-09-01,TNn,-0.6776119402985072,-0.38645019609334874
1966-12-01,TNn,0.6858208955223866,-0.38434931715065823
1967-03-01,TNn,2.317037037037037,-0.3821338808749607
1967-06-01,TNn,-0.2155555555555564,-0.3795811234099362
1967-09-01,TNn,0.32238805970149276,-0.3764822501130833
1967-12-01,TNn,-1.3141791044776134,-0.37261138073087574
1968-03-01,TNn,1.1170370370370368,-0.36771006814997864
1968-06-01,TNn,0.08444444444444432,-0.3615964484144303
1968-09-01,TNn,-1.5776119402985072,-0.3541402683412967
1968-12-01,TNn,-2.3141791044776134,-0.3452821683150942
1969-03-01,TNn,0.4170370370370371,-0.3350827483538969
1969-06-01,TNn,-0.01555555555555621,-0.32353412860951
1969-09-01,TNn,-0.47761194029850706,-0.3105814995052175
1969-12-01,TNn,-0.11417910447761237,-0.2961994489257703
1970-03-01,TNn,-2.382962962962963,-0.280413028874
1970-06-01,TNn,2.0844444444444443,-0.2632939316138968
1970-09-01,TNn,2.8223880597014928,-0.2449802251494095
1970-12-01,TNn,-0.714179104477612,-0.22566811058681494
1971-03-01,TNn,-6.782962962962962,-0.20553963561346533
1971-06-01,TNn,-0.2155555555555564,-0.18468994882715759
1971-09-01,TNn,-0.6776119402985072,-0.16314966382968052
1971-12-01,TNn,-0.714179104477612,-0.14098741597170375
1972-03-01,TNn,-0.9829629629629628,-0.11834536437150538
1972-06-01,TNn,-0.11555555555555586,-0.0953728911850411
1972-09-01,TNn,2.422388059701493,-0.07224084779596811
1972-12-01,TNn,4.6858208955223875,-0.04916250819346252
1973-03-01,TNn,1.317037037037037,-0.026309643191077488
1973-06-01,TNn,0.684444444444444,-0.003928250421429875
1973-09-01,TNn,-1.4776119402985075,0.017769789217588174
1973-12-01,TNn,-0.9141791044776131,0.038624016327726766
1974-03-01,TNn,1.817037037037037,0.058523780437159126
1974-06-01,TNn,-0.2155555555555564,0.07740020966393316
1974-09-01,TNn,2.8223880597014928,0.09520978692985418
1974-12-01,TNn,6.1858208955223875,0.11194364287733537
1975-03-01,TNn,1.817037037037037,0.12759630928760013
1975-06-01,TNn,-4.015555555555556,0.14198965277644132
1975-09-01,TNn,-1.5776119402985072,0.1548753802836734
1975-12-01,TNn,-0.21417910447761201,0.16609490754436754
1976-03-01,TNn,-2.5829629629629633,0.17562506302629957
1976-06-01,TNn,-1.7155555555555564,0.1834960219461297
1976-09-01,TNn,1.522388059701493,0.1897689573596669
1976-12-01,TNn,-1.1141791044776124,0.19454189624319612
1977-03-01,TNn,0.6170370370370368,0.1979679716145048
1977-06-01,TNn,0.5844444444444443,0.2003451944995211
1977-09-01,TNn,-0.17761194029850724,0.2019728082176962
1977-12-01,TNn,1.1858208955223866,0.20307909374454486
1978-03-01,TNn,1.317037037037037,0.20379302838033764
1978-06-01,TNn,-0.2155555555555564,0.20422276646420645
1978-09-01,TNn,-1.9776119402985075,0.20447537550183054
1978-12-01,TNn,-4.814179104477613,0.20466594125240417
1979-03-01,TNn,1.317037037037037,0.20488414534184585
1979-06-01,TNn,1.0844444444444443,0.20515987919966283
1979-09-01,TNn,1.9223880597014928,0.20553092292109723
1979-12-01,TNn,1.285820895522388,0.20600323091628056
1980-03-01,TNn,1.1170370370370368,0.20661173312098755
1980-06-01,TNn,0.8844444444444441,0.20743603043990178
1980-09-01,TNn,-2.877611940298507,0.20861849638383348
1980-12-01,TNn,3.285820895522387,0.210338277812613
1981-03-01,TNn,1.917037037037037,0.21277093684864745
1981-06-01,TNn,1.0844444444444443,0.21602531542882802
1981-09-01,TNn,-0.6776119402985072,0.22016616061489744
1981-12-01,TNn,-2.5141791044776127,0.22523326089776696
1982-03-01,TNn,1.317037037037037,0.23122014932069815
1982-06-01,TNn,-0.5155555555555562,0.2381370665604156
1982-09-01,TNn,3.122388059701493,0.2460005359105799
1982-12-01,TNn,3.3858208955223876,0.25488286274547917
1983-03-01,TNn,2.717037037037037,0.264959668506664
1983-06-01,TNn,0.38444444444444414,0.27643396509671697
1983-09-01,TNn,-3.677611940298507,0.2893633316895755
1983-12-01,TNn,4.385820895522388,0.3036928884718457
1984-03-01,TNn,0.9170370370370371,0.319308660181998
1984-06-01,TNn,-1.4155555555555557,0.336022071957058
1984-09-01,TNn,4.522388059701493,0.35354150229521414
1984-12-01,TNn,-7.314179104477613,0.3715332047682132
1985-03-01,TNn,-0.0829629629629629,0.38965143060906465
1985-06-01,TNn,-0.9155555555555557,0.4075842388907961
1985-09-01,TNn,-1.4776119402985075,0.4251146289371732
1985-12-01,TNn,-1.214179104477612,0.44208982427385113
1986-03-01,TNn,-2.0829629629629633,0.45833938396189144
1986-06-01,TNn,1.184444444444444,0.4736678889774719
1986-09-01,TNn,1.722388059701493,0.4879018547881172
1986-12-01,TNn,-4.014179104477613,0.5008448737106521
1987-03-01,TNn,-3.682962962962963,0.5123038416640521
1987-06-01,TNn,0.08444444444444432,0.522295923358314
1987-09-01,TNn,1.522388059701493,0.5310044782109659
1987-12-01,TNn,0.9858208955223873,0.5386034823476922
1988-03-01,TNn,1.517037037037037,0.5452603430029938
1988-06-01,TNn,0.9844444444444438,0.5512175387065188
1988-09-01,TNn,-2.9776119402985075,0.5566936944323052
1988-12-01,TNn,7.885820895522388,0.5618760902340093
1989-03-01,TNn,2.0170370370370367,0.5670309589374569
1989-06-01,TNn,-1.5155555555555562,0.5724170325362256
1989-09-01,TNn,-1.877611940298507,0.5782567927849548
1989-12-01,TNn,6.085820895522387,0.5847282347426132
1990-03-01,TNn,1.317037037037037,0.5919947673702118
1990-06-01,TNn,1.8844444444444441,0.6002324863540267
1990-09-01,TNn,2.022388059701493,0.6096484483159417
1990-12-01,TNn,-3.6141791044776124,0.6204714231563649
1991-03-01,TNn,0.9170370370370371,0.6329065128496925
1991-06-01,TNn,-2.215555555555556,0.647029414688899
1991-09-01,TNn,1.9223880597014928,0.6628601719758245
1991-12-01,TNn,3.285820895522387,0.6804143707770953
1992-03-01,TNn,2.917037037037037,0.6996606613990706
1992-06-01,TNn,2.184444444444444,0.7205459263014944
1992-09-01,TNn,2.3223880597014928,0.7429814287517662
1992-12-01,TNn,1.085820895522387,0.7668429621797758
1993-03-01,TNn,-0.182962962962963,0.7919185531923264
1993-06-01,TNn,0.9844444444444438,0.8180023913286532
1993-09-01,TNn,-2.177611940298507,0.8448361641715975
1993-12-01,TNn,1.4858208955223873,0.8721365839907429
1994-03-01,TNn,2.817037037037037,0.8996162786488986
1994-06-01,TNn,0.9844444444444438,0.926937052540225
1994-09-01,TNn,3.022388059701493,0.9536765855562225
1994-12-01,TNn,4.285820895522387,0.9793602872385863
1995-03-01,TNn,1.317037037037037,1.0036297262440428
1995-06-01,TNn,-1.4155555555555557,1.0262802834230926
1995-09-01,TNn,-0.07761194029850715,1.0472082260951605
1995-12-01,TNn,1.1858208955223866,1.0663413579359144
1996-03-01,TNn,-1.682962962962963,1.083570246731205
1996-06-01,TNn,0.9844444444444438,1.0988855896973477
1996-09-01,TNn,0.22238805970149267,1.112344971246024
1996-12-01,TNn,-4.614179104477612,1.124034259364149
1997-03-01,TNn,2.817037037037037,1.1341197808804502
1997-06-01,TNn,2.2844444444444436,1.1426734016880362
1997-09-01,TNn,0.42238805970149285,1.1497825723620223
1997-12-01,TNn,0.08582089552238692,1.155570880718738
1998-03-01,TNn,0.6170370370370368,1.1601919759696904
1998-06-01,TNn,0.18444444444444397,1.1637616411509708
1998-09-01,TNn,-4.477611940298507,1.1663563185473294
1998-12-01,TNn,2.1858208955223875,1.1681093426201168
1999-03-01,TNn,2.717037037037037,1.1692027538103777
1999-06-01,TNn,0.4844444444444438,1.1697809767508285
1999-09-01,TNn,-0.17761194029850724,1.1699169867590713
1999-12-01,TNn,5.085820895522387,1.1696661231620973
2000-03-01,TNn,1.617037037037037,1.1690800092928402
2000-06-01,TNn,0.38444444444444414,1.1681482137840247
2000-09-01,TNn,4.922388059701493,1.1668917208079068
2000-12-01,TNn,3.6858208955223875,1.1652935185663365
2001-03-01,TNn,1.417037037037037,1.163267631830697
2001-06-01,TNn,-0.9155555555555557,1.1607839332618588
2001-09-01,TNn,1.1223880597014928,1.157758775385187
2001-12-01,TNn,2.4858208955223873,1.1541018717158198
2002-03-01,TNn,2.1170370370370373,1.1497879118300787
2002-06-01,TNn,3.184444444444444,1.1450186890984155
2002-09-01,TNn,5.222388059701492,1.140082487660024
2002-12-01,TNn,0.8858208955223876,1.135288491020614
2003-03-01,TNn,1.417037037037037,1.130959831348334
2003-06-01,TNn,3.4844444444444447,1.1273505723369688
2003-09-01,TNn,-0.5776119402985072,1.124637415347978
2003-12-01,TNn,2.6858208955223875,1.122865541337518
2004-03-01,TNn,0.6170370370370368,1.1220133757079973
2004-06-01,TNn,2.184444444444444,1.1220446466326748
2004-09-01,TNn,0.8223880597014928,1.122900056383443
2004-12-01,TNn,2.8858208955223876,1.1245073063942113
2005-03-01,TNn,-3.2829629629629626,1.1267753610590983
2005-06-01,TNn,-0.6155555555555559,1.1296368418378497
2005-09-01,TNn,1.4223880597014928,1.1330303815033107
2005-12-01,TNn,2.285820895522387,1.1368981756810217
2006-03-01,TNn,-2.382962962962963,1.1411220950142296
2006-06-01,TNn,-2.115555555555556,1.1455164962177404
2006-09-01,TNn,4.322388059701493,1.1498371864461256
2006-12-01,TNn,5.085820895522387,1.1538519083535888
2007-03-01,TNn,2.217037037037037,1.1573986167776797
2007-06-01,TNn,1.684444444444444,1.1604364888048588
2007-09-01,TNn,0.32238805970149276,1.1630033451793216
2007-12-01,TNn,2.6858208955223875,1.1651512764634542
2008-03-01,TNn,0.9170370370370371,1.1669485871348066
2008-06-01,TNn,0.5844444444444443,1.1685591370249089
2008-09-01,TNn,0.9223880597014928,1.1701345425861949
2008-12-01,TNn,-3.3141791044776134,1.1718270275167737
2009-03-01,TNn,1.917037037037037,1.173766895622163
2009-06-01,TNn,0.9844444444444438,1.175997092442247
2009-09-01,TNn,2.7223880597014927,1.178567373145189
2009-12-01,TNn,-1.414179104477613,1.1815986660369613
2010-03-01,TNn,-1.182962962962963,1.185248887216644
2010-06-01,TNn,1.4844444444444438,1.1897265898681397
2010-09-01,TNn,-1.5776119402985072,1.1952183185137564
2010-12-01,TNn,1.4858208955223873,1.2018592152389669
2011-03-01,TNn,1.217037037037037,1.2097322271102622
2011-06-01,TNn,0.8844444444444441,1.2189000079537178
2011-09-01,TNn,1.022388059701493,1.2294085121614948
2011-12-01,TNn,-3.5141791044776127,1.241295699103692
2012-03-01,TNn,3.217037037037037,1.254589423363514
2012-06-01,TNn,-1.6155555555555559,1.2693586133487842
2012-09-01,TNn,0.8223880597014928,1.2856530556226675
2012-12-01,TNn,0.18582089552238656,1.3034338643287984
2013-03-01,TNn,-6.782962962962962,1.322662937060117
2013-06-01,TNn,1.0844444444444443,1.3433871042999659
2013-09-01,TNn,3.3223880597014928,1.3656675361514488
2013-12-01,TNn,8.985820895522387,1.3894862412691318
2014-03-01,TNn,3.717037037037037,1.414728212527432
2014-06-01,TNn,2.184444444444444,1.441260050584949
2014-09-01,TNn,3.722388059701493,1.474080600263523
2014-12-01,TNn,3.785820895522387,1.506696681368099
2015-03-01,TNn,2.317037037037037,1.539066778313906
2015-06-01,TNn,1.5844444444444443,1.571213842804448
2015-09-01,TNn,1.1223880597014928,1.6031814489049834
2015-12-01,TNn,2.285820895522387,1.6350133625915357
2016-03-01,TNn,0.11703703703703683,1.6667455509159903
2016-06-01,TNn,1.8844444444444441,1.6984035957897008
2016-09-01,TNn,-0.7776119402985073,1.7300073082731398
2016-12-01,TNn,3.8858208955223876,1.7615710850300343
2017-03-01,TNn,2.0170370370370367,1.7931074791524466
2017-06-01,TNn,2.9844444444444447,1.8246219961547554
2017-09-01,TNn,3.022388059701493,1.8561159815180583
2017-12-01,TNn,0.785820895522388,1.8875871831080397
2018-03-01,TNn,-3.5829629629629633,1.9190313147711933
2018-06-01,TNn,1.0844444444444443,1.950447478946903
2018-09-01,TNn,1.9223880597014928,1.9818427441048698
2018-12-01,TNn,3.3858208955223876,2.0132256403126116
2019-03-01,TNn,2.817037037037037,2.0446029263593024
2019-06-01,TNn,2.9844444444444447,2.0759780693769008
2019-09-01,TNn,0.5223880597014929,2.1073520706815967
2019-12-01,TNn,6.985820895522387,2.1387246426380675
2020-03-01,TNn,1.517037037037037,2.170095387742577
2020-06-01,TNn,1.7844444444444436,2.2014586547445463
2020-09-01,TNn,1.4223880597014928,2.2328086711963278
2020-12-01,TNn,0.8858208955223876,2.2641409664624725
2021-03-01,TNn,0.6170370370370368,2.2954527968530667
2021-06-01,TNn,3.4844444444444447,2.3267438465226626
2021-09-01,TNn,2.422388059701493,2.3580157066579583
2021-12-01,TNn,5.285820895522387,2.3892688692586495
2022-03-01,TNn,0.4170370370370371,2.4205024365163514
2022-06-01,TNn,0.4844444444444438,2.451712672882973
2022-09-01,TNn,5.222388059701492,2.4828981469101343
2022-12-01,TNn,2.6858208955223875,2.5140595725718193
2023-03-01,TNn,1.0170370370370372,2.545194791433049
2023-06-01,TNn,4.284444444444444,2.576301166255072
2023-09-01,TNn,4.822388059701493,2.6073774700216763
2023-12-01,TNn,2.785820895522387,2.638420098792839
2024-03-01,TNn,4.117037037037037,2.6694221359904886
2024-06-01,TNn,0.18444444444444397,2.7003755283605355
2024-09-01,TNn,0.32238805970149276,2.7312713918507567
2024-12-01,TNn,5.485820895522387,2.762104936120632
2025-03-01,TNn,2.1170370370370373,2.792874780665331
2025-06-01,TNn,2.5844444444444443,2.823576867742925
2025-09-01,TNn,-0.27761194029850733,2.854207396714006
2025-12-01,TNn,5.085820895522387,2.8847644736876483
2026-03-01,TNn,2.0170370370370367,2.9152502162291274
2026-06-01,TNn,2.7844444444444436,2.9456649020172714
